Pathway name,#Entities total,Expected_Hits,#Entities found,Raw p,Holm p,Entities FDR
Glucose homeostasis,21,0.0172,3,2.75E-07,0.000939,0.000313
SLC-mediated transmembrane transport,168,0.138,4,1.36E-06,0.00465,0.00104
Lac-Phe pathway,3,0.00246,2,1.51E-06,0.00517,0.00104
Metabolism of vitamins and cofactors,202,0.166,4,2.86E-06,0.00978,0.00148
Oleoyl-phe metabolism,4,0.00328,2,3.03E-06,0.0103,0.00148
Transport of inorganic cations/anions and amino acids/oligopeptides,60,0.0492,3,7.03E-06,0.024,0.00282
"Transport of bile salts and organic acids, metal ions and amine compounds",79,0.0648,3,1.62E-05,0.0552,0.00554
Aerobic respiration and respiratory electron transport,95,0.0779,3,2.83E-05,0.0964,0.00879
Mitochondrial Uncoupling,12,0.00984,2,3.32E-05,0.113,0.00947
Amino acid metabolism,109,0.0894,3,4.28E-05,0.146,0.0105
Transcription/Translation,25,0.0205,2,0.00015,0.513,0.0343
Na+/Cl- dependent neurotransmitter transporters,32,0.0263,2,0.000248,0.846,0.0531
Amino acid transport across the plasma membrane,34,0.0279,2,0.000281,0.956,0.0542
Tryptophan catabolism,35,0.0287,2,0.000298,1,0.0542
Sensory Perception,209,0.171,3,0.000301,1,0.0542
Cytosolic tRNA aminoacylation,66,0.0541,2,0.00106,1,0.161
tRNA Aminoacylation,66,0.0541,2,0.00106,1,0.161
Mitochondrial tRNA aminoacylation,66,0.0541,2,0.00106,1,0.161
Metabolism of proteins,322,0.264,3,0.00109,1,0.161
Visual phototransduction,68,0.0558,2,0.00113,1,0.161
Defective SLC22A12 causes renal hypouricemia 1 (RHUC1),2,0.00164,1,0.00164,1,0.221
Translation,83,0.0681,2,0.00168,1,0.221
Interactions of natural killer cells in pancreatic cancer,3,0.00246,1,0.00246,1,0.312
Phenylketonuria,4,0.00328,1,0.00328,1,0.374
Hydroxycarboxylic acid-binding receptors,4,0.00328,1,0.00328,1,0.374
TCA cycle nutrient use and invasiveness of ovarian cancer,4,0.00328,1,0.00328,1,0.374
Defective MAT1A causes MATD,5,0.0041,1,0.0041,1,0.438
Methylation pathways,5,0.0041,1,0.0041,1,0.438
Metabolism of water-soluble vitamins and cofactors,133,0.109,2,0.00427,1,0.443
Proton-coupled monocarboxylate transport,7,0.00574,1,0.00573,1,0.47
Defective SLC16A1 causes symptomatic deficiency in lactate transport (SDLT),7,0.00574,1,0.00573,1,0.47
Roles of ceramides in development of insulin resistance,7,0.00574,1,0.00573,1,0.47
Class A/1 (Rhodopsin-like receptors),157,0.129,2,0.00592,1,0.47
GPCR downstream signalling,158,0.13,2,0.006,1,0.47
"Synthesis, secretion, and inactivation of Glucose-dependent Insulinotropic Polypeptide (GIP)",8,0.00656,1,0.00655,1,0.47
Organic anion transport,8,0.00656,1,0.00655,1,0.47
Glycolysis in senescence,8,0.00656,1,0.00655,1,0.47
"PGK1, PKM2, KHKC/KHKA acting as protein kinases",8,0.00656,1,0.00655,1,0.47
Diseases of metabolism,170,0.139,2,0.00692,1,0.47
Multifunctional anion exchangers,9,0.00738,1,0.00736,1,0.47
Defective SLC27A4 causes ichthyosis prematurity syndrome (IPS),9,0.00738,1,0.00736,1,0.47
Protein lipoylation,9,0.00738,1,0.00736,1,0.47
PI3K/AKT/mTOR - vitamin D3 signaling,9,0.00738,1,0.00736,1,0.47
Glucose metabolism in triple-negative breast cancer cells,9,0.00738,1,0.00736,1,0.47
Carnosine metabolism of glial cells,9,0.00738,1,0.00736,1,0.47
Transport of fatty acids,10,0.0082,1,0.00818,1,0.47
Warburg effect modulated by deubiquitinating enzymes and their substrates,11,0.00902,1,0.009,1,0.47
Fatty Acids bound to GPR40 (FFAR1) regulate insulin secretion,12,0.00984,1,0.00981,1,0.47
NAD metabolism in oncogene-induced senescence and mitochondrial dysfunction-associated senescence,12,0.00984,1,0.00981,1,0.47
Protein repair,13,0.0107,1,0.0106,1,0.47
Folate-alcohol and cancer pathway hypotheses,13,0.0107,1,0.0106,1,0.47
GPCR ligand binding,215,0.176,2,0.0109,1,0.47
Spermidine and Spermine Biosynthesis,14,0.0115,1,0.0114,1,0.47
Trans-sulfuration pathway,14,0.0115,1,0.0114,1,0.47
Affected pathways in Duchenne muscular dystrophy,14,0.0115,1,0.0114,1,0.47
10q22q23 copy number variation,14,0.0115,1,0.0114,1,0.47
Sudden infant death syndrome (SIDS) susceptibility pathways,14,0.0115,1,0.0114,1,0.47
Variant SLC6A14 may confer susceptibility towards obesity,15,0.0123,1,0.0123,1,0.47
NAD+ metabolism,15,0.0123,1,0.0123,1,0.47
Linoleic acid metabolism affected by SARS-CoV-2,15,0.0123,1,0.0123,1,0.47
Spina bifida,15,0.0123,1,0.0123,1,0.47
Choline catabolism,16,0.0131,1,0.0131,1,0.47
HIF1A and PPARG in cardiac hypertropthy,16,0.0131,1,0.0131,1,0.47
Signaling by GPCR,240,0.197,2,0.0136,1,0.47
Free fatty acids regulate insulin secretion,17,0.0139,1,0.0139,1,0.47
Azithromycin Action Pathway,17,0.0139,1,0.0139,1,0.47
Clarithromycin Action Pathway,17,0.0139,1,0.0139,1,0.47
Clindamycin Action Pathway,17,0.0139,1,0.0139,1,0.47
Erythromycin Action Pathway,17,0.0139,1,0.0139,1,0.47
Roxithromycin Action Pathway,17,0.0139,1,0.0139,1,0.47
Telithromycin Action Pathway,17,0.0139,1,0.0139,1,0.47
Amikacin Action Pathway,17,0.0139,1,0.0139,1,0.47
Gentamicin Action Pathway,17,0.0139,1,0.0139,1,0.47
Kanamycin Action Pathway,17,0.0139,1,0.0139,1,0.47
Neomycin Action Pathway,17,0.0139,1,0.0139,1,0.47
Netilmicin Action Pathway,17,0.0139,1,0.0139,1,0.47
Spectinomycin Action Pathway,17,0.0139,1,0.0139,1,0.47
Streptomycin Action Pathway,17,0.0139,1,0.0139,1,0.47
Clomocycline Action Pathway,17,0.0139,1,0.0139,1,0.47
Demeclocycline Action Pathway,17,0.0139,1,0.0139,1,0.47
Doxycycline Action Pathway,17,0.0139,1,0.0139,1,0.47
Minocycline Action Pathway,17,0.0139,1,0.0139,1,0.47
Oxytetracycline Action Pathway,17,0.0139,1,0.0139,1,0.47
Tetracycline Action Pathway,17,0.0139,1,0.0139,1,0.47
Lymecycline Action Pathway,17,0.0139,1,0.0139,1,0.47
Tobramycin Action Pathway,17,0.0139,1,0.0139,1,0.47
Tigecycline Action Pathway,17,0.0139,1,0.0139,1,0.47
Arbekacin Action Pathway,17,0.0139,1,0.0139,1,0.47
Paromomycin Action Pathway,17,0.0139,1,0.0139,1,0.47
Rolitetracycline Action Pathway,17,0.0139,1,0.0139,1,0.47
Methacycline Action Pathway,17,0.0139,1,0.0139,1,0.47
Lincomycin Action Pathway,17,0.0139,1,0.0139,1,0.47
Chloramphenicol Action Pathway,17,0.0139,1,0.0139,1,0.47
Troleandomycin Action Pathway,17,0.0139,1,0.0139,1,0.47
Josamycin Action Pathway,17,0.0139,1,0.0139,1,0.47
Glycolysis and gluconeogenesis,17,0.0139,1,0.0139,1,0.47
Biogenic amine synthesis,17,0.0139,1,0.0139,1,0.47
Methionine salvage pathway,18,0.0148,1,0.0147,1,0.488
Organic anion transporters,18,0.0148,1,0.0147,1,0.488
Molybdenum cofactor biosynthesis,19,0.0156,1,0.0155,1,0.51
Sarcosine Oncometabolite Pathway,20,0.0164,1,0.0163,1,0.526
Aerobic glycolysis,20,0.0164,1,0.0163,1,0.526
Phenylalanine metabolism,21,0.0172,1,0.0171,1,0.531
Ethanol effects on histone modifications,21,0.0172,1,0.0171,1,0.531
Hereditary leiomyomatosis and renal cell carcinoma pathway,21,0.0172,1,0.0171,1,0.531
"Inactivation, recovery and regulation of the phototransduction cascade",22,0.018,1,0.0179,1,0.531
"Synthesis, secretion, and inactivation of Glucagon-like Peptide-1 (GLP-1)",22,0.018,1,0.0179,1,0.531
"Incretin synthesis, secretion, and inactivation",22,0.018,1,0.0179,1,0.531
MTHFR deficiency,22,0.018,1,0.0179,1,0.531
Biomarkers for urea cycle disorders,22,0.018,1,0.0179,1,0.531
Lactate shuttle in glial cells,22,0.018,1,0.0179,1,0.531
Metabolism of amino acids and derivatives,282,0.231,2,0.0185,1,0.531
Krebs cycle disorders,23,0.0189,1,0.0187,1,0.531
Methionine metabolism leading to sulfur amino acids and related disorders,23,0.0189,1,0.0187,1,0.531
Free fatty acid receptors,24,0.0197,1,0.0195,1,0.531
Synthesis of wybutosine at G37 of tRNA(Phe),24,0.0197,1,0.0195,1,0.531
Phenylalanine and Tyrosine Metabolism,24,0.0197,1,0.0195,1,0.531
Phenylketonuria,24,0.0197,1,0.0195,1,0.531
Tyrosinemia Type 2 (or Richner-Hanhart syndrome),24,0.0197,1,0.0195,1,0.531
Tyrosinemia Type 3 (TYRO3),24,0.0197,1,0.0195,1,0.531
Tyrosine metabolism and related disorders,24,0.0197,1,0.0195,1,0.531
Aerobic glycolysis - augmented,24,0.0197,1,0.0195,1,0.531
One-carbon metabolism,25,0.0205,1,0.0204,1,0.537
Proximal tubule transport,25,0.0205,1,0.0204,1,0.537
Metabolic pathways of fibroblasts,25,0.0205,1,0.0204,1,0.537
The phototransduction cascade,26,0.0213,1,0.0212,1,0.537
Cori cycle,26,0.0213,1,0.0212,1,0.537
Cobalamin (Cbl) metabolism,27,0.0221,1,0.022,1,0.537
Glycogen Storage Disease Type 1A (GSD1A) or Von Gierke Disease,27,0.0221,1,0.022,1,0.537
Phosphoenolpyruvate carboxykinase deficiency 1 (PEPCK1),27,0.0221,1,0.022,1,0.537
"Fructose-1,6-diphosphatase deficiency",27,0.0221,1,0.022,1,0.537
Triosephosphate isomerase,27,0.0221,1,0.022,1,0.537
"Glycogenosis, Type IB",27,0.0221,1,0.022,1,0.537
"Glycogenosis, Type IC",27,0.0221,1,0.022,1,0.537
"Glycogenosis, Type IA. Von gierke disease",27,0.0221,1,0.022,1,0.537
Omega-9 fatty acid synthesis,27,0.0221,1,0.022,1,0.537
"Tetrahydrobiopterin (BH4) synthesis, recycling, salvage and regulation",28,0.023,1,0.0228,1,0.545
Glycolysis / Gluconeogenesis,28,0.023,1,0.0228,1,0.545
Phenylalanine and Tyrosine Metabolism,28,0.023,1,0.0228,1,0.545
Disorders of folate metabolism and transport,29,0.0238,1,0.0236,1,0.56
Urea cycle and associated pathways,30,0.0246,1,0.0244,1,0.572
Metabolic reprogramming in pancreatic cancer,30,0.0246,1,0.0244,1,0.572
"Cobalamin (Cbl, vitamin B12) transport and metabolism",31,0.0254,1,0.0252,1,0.586
Biosynthesis and regeneration of tetrahydrobiopterin and catabolism of phenylalanine,32,0.0263,1,0.026,1,0.601
The canonical retinoid cycle in rods (twilight vision),33,0.0271,1,0.0268,1,0.611
Phenylalanine and tyrosine metabolism,33,0.0271,1,0.0268,1,0.611
Organic cation/anion/zwitterion transport,35,0.0287,1,0.0284,1,0.613
Aspirin ADME,35,0.0287,1,0.0284,1,0.613
Retinoid metabolism and transport,35,0.0287,1,0.0284,1,0.613
Glutaminolysis and Cancer,36,0.0295,1,0.0292,1,0.613
Octadecanoid formation from linoleic acid,36,0.0295,1,0.0292,1,0.613
Signal Transduction,360,0.295,2,0.0295,1,0.613
Methylation,37,0.0304,1,0.03,1,0.613
Regulation of insulin secretion,37,0.0304,1,0.03,1,0.613
Methionine Metabolism,37,0.0304,1,0.03,1,0.613
Cystathionine Beta-Synthase Deficiency,37,0.0304,1,0.03,1,0.613
S-Adenosylhomocysteine (SAH) Hydrolase Deficiency,37,0.0304,1,0.03,1,0.613
Methionine Adenosyltransferase Deficiency,37,0.0304,1,0.03,1,0.613
Glycine N-methyltransferase Deficiency,37,0.0304,1,0.03,1,0.613
Methylenetetrahydrofolate Reductase Deficiency (MTHFRD),37,0.0304,1,0.03,1,0.613
Hypermethioninemia,37,0.0304,1,0.03,1,0.613
"Homocystinuria-megaloblastic anemia due to defect in cobalamin metabolism, cblG complementation type",37,0.0304,1,0.03,1,0.613
Leigh Syndrome,38,0.0312,1,0.0308,1,0.613
Pyruvate Dehydrogenase Complex Deficiency,38,0.0312,1,0.0308,1,0.613
Pyruvate Decarboxylase E1 Component Deficiency (PDHE1 Deficiency),38,0.0312,1,0.0308,1,0.613
"Primary hyperoxaluria II, PH2",38,0.0312,1,0.0308,1,0.613
Pyruvate kinase deficiency,38,0.0312,1,0.0308,1,0.613
Metabolic reprogramming in colon cancer,38,0.0312,1,0.0308,1,0.613
Cysteine and methionine catabolism,39,0.032,1,0.0316,1,0.625
Ferroptosis,40,0.0328,1,0.0324,1,0.634
Pyruvate metabolism,40,0.0328,1,0.0324,1,0.634
Pyruvate metabolism,44,0.0361,1,0.0356,1,0.688
Cholesterol metabolism with Bloch and Kandutsch-Russell pathways,44,0.0361,1,0.0356,1,0.688
Integration of energy metabolism,46,0.0377,1,0.0372,1,0.711
Metabolism of fat-soluble vitamins,46,0.0377,1,0.0372,1,0.711
Neurotransmitter release cycle,47,0.0386,1,0.038,1,0.718
Nicotinamide salvaging,47,0.0386,1,0.038,1,0.718
Methionine de novo and salvage pathway,48,0.0394,1,0.0388,1,0.73
Warburg Effect,49,0.0402,1,0.0396,1,0.731
Dihydropyrimidine Dehydrogenase Deficiency (DHPD),50,0.041,1,0.0404,1,0.731
Non Ketotic Hyperglycinemia,50,0.041,1,0.0404,1,0.731
Dimethylglycine Dehydrogenase Deficiency,50,0.041,1,0.0404,1,0.731
Sarcosinemia,50,0.041,1,0.0404,1,0.731
"Hyperglycinemia, non-ketotic",50,0.041,1,0.0404,1,0.731
3-Phosphoglycerate dehydrogenase deficiency,50,0.041,1,0.0404,1,0.731
Methionine Metabolism,51,0.0418,1,0.0412,1,0.742
Metabolic disorders of biological oxidation enzymes,52,0.0427,1,0.042,1,0.752
Peptide hormone metabolism,57,0.0468,1,0.046,1,0.815
"Glycine, serine and threonine metabolism",57,0.0468,1,0.046,1,0.815
Olfactory Signaling Pathway,58,0.0476,1,0.0468,1,0.816
Metabolism of cofactors,58,0.0476,1,0.0468,1,0.816
Purine metabolism and related disorders,58,0.0476,1,0.0468,1,0.816
Nicotinate metabolism,59,0.0484,1,0.0475,1,0.826
Vitamin B12 metabolism,60,0.0492,1,0.0483,1,0.831
"Trans-sulfuration, one-carbon metabolism and related pathways",60,0.0492,1,0.0483,1,0.831
G alpha (q) signalling events,64,0.0525,1,0.0515,1,0.881
"Transport of vitamins, nucleosides, and related molecules",65,0.0533,1,0.0523,1,0.885
Folate metabolism,65,0.0533,1,0.0523,1,0.885
Sulfur amino acid metabolism,66,0.0541,1,0.0531,1,0.894
Transmission across Chemical Synapses,78,0.064,1,0.0625,1,1
Neuronal System,78,0.064,1,0.0625,1,1
tRNA modification in the nucleus and cytosol,79,0.0648,1,0.0633,1,1
tRNA processing,86,0.0705,1,0.0687,1,1
Metabolic epileptic disorders,91,0.0747,1,0.0726,1,1
G alpha (i) signalling events,109,0.0894,1,0.0865,1,1
Metabolism of RNA,110,0.0902,1,0.0873,1,1
Selenium micronutrient network,111,0.0911,1,0.088,1,1
Drug ADME,113,0.0927,1,0.0896,1,1
Mitochondrial beta-oxidation,139,0.114,1,0.109,1,1
Phase II - Conjugation of compounds,149,0.122,1,0.117,1,1
Post-translational protein modification,194,0.159,1,0.15,1,1
ADHD and autism (ASD) pathways,214,0.176,1,0.164,1,1
Biological oxidations,322,0.264,1,0.239,1,1
