Pathway identifier,Pathway name,#Entities found,#Entities total,Entities ratio,Entities pValue,Entities FDR,#Reactions found,#Reactions total,Reactions ratio,Species identifier,Species name,Submitted entities found,Mapped entities,Found reaction identifiers
R-HSA-6783589,Interleukin-6 family signaling,3,28,0.002303579,2.65E-06,5.83E-05,19,34,0.002163813,9606,Homo sapiens,P20809;P08887,P08887-2;P20809;P08887,R-HSA-1112690;R-HSA-449829;R-HSA-1112755;R-HSA-1067667;R-HSA-1112565;R-HSA-1112727;R-HSA-1067640;R-HSA-1112602;R-HSA-1112604;R-HSA-1067676;R-HSA-1112510;R-HSA-1112703;R-HSA-1112514;R-HSA-1067651;R-HSA-1112708;R-HSA-1067688;R-HSA-1067659;R-HSA-9681294;R-HSA-449976
R-HSA-6785807,Interleukin-4 and Interleukin-13 signaling,4,111,0.009132044,3.25E-06,5.84E-05,2,47,0.002991154,9606,Homo sapiens,P03956;P08253;P08254;P08887,P03956;P08253;P08254;P08887,R-HSA-6790022;R-HSA-6789615
R-HSA-1592389,Activation of Matrix Metalloproteinases,3,33,0.002714932,4.32E-06,6.48E-05,14,27,0.001718322,9606,Homo sapiens,P03956;P08253;P08254,P03956;P08253;P08254,R-HSA-1604731;R-HSA-1592316;R-HSA-1604350;R-HSA-1604752;R-HSA-1604368;R-HSA-1604690;R-HSA-1592371;R-HSA-1592436;R-HSA-1592278;R-HSA-1604360;R-HSA-1592297;R-HSA-1602473;R-HSA-1592362;R-HSA-1604359
R-HSA-1442490,Collagen degradation,3,64,0.005265323,3.10E-05,4.03E-04,14,34,0.002163813,9606,Homo sapiens,P03956;P08253;P08254,P03956;P08253;P08254,R-HSA-1474197;R-HSA-1564179;R-HSA-1564112;R-HSA-1564120;R-HSA-1564184;R-HSA-1454822;R-HSA-1454757;R-HSA-1564164;R-HSA-1474213;R-HSA-2484882;R-HSA-1564143;R-HSA-1564142;R-HSA-2168923;R-HSA-1564169
R-HSA-112411,MAPK1 (ERK2) activation,2,10,8.23E-04,4.44E-05,4.89E-04,1,3,1.91E-04,9606,Homo sapiens,P08887,P08887-2;P08887,R-HSA-109858
R-HSA-110056,MAPK3 (ERK1) activation,2,11,9.05E-04,5.37E-05,5.37E-04,1,4,2.55E-04,9606,Homo sapiens,P08887,P08887-2;P08887,R-HSA-109857
R-HSA-1059683,Interleukin-6 signaling,2,15,0.00123406,9.97E-05,8.97E-04,17,20,0.001272831,9606,Homo sapiens,P08887,P08887-2;P08887,R-HSA-1112690;R-HSA-1112755;R-HSA-1067667;R-HSA-1112565;R-HSA-1112727;R-HSA-1067640;R-HSA-1112602;R-HSA-1112604;R-HSA-1067676;R-HSA-1112510;R-HSA-1112703;R-HSA-1112514;R-HSA-1067651;R-HSA-1112708;R-HSA-1067688;R-HSA-1067659;R-HSA-9681294
R-HSA-112409,RAF-independent MAPK1/3 activation,2,24,0.001974496,2.54E-04,0.002031563,2,12,7.64E-04,9606,Homo sapiens,P08887,P08887-2;P08887,R-HSA-109857;R-HSA-109858
R-HSA-1474228,Degradation of the extracellular matrix,3,140,0.011517894,3.11E-04,0.002176748,46,105,0.006682365,9606,Homo sapiens,P03956;P08253;P08254,P03956;P08253;P08254,R-HSA-8940554;R-HSA-4086205;R-HSA-1474197;R-HSA-1564179;R-HSA-3791295;R-HSA-1564112;R-HSA-1604752;R-HSA-1604368;R-HSA-1604690;R-HSA-2534248;R-HSA-1592278;R-HSA-1564120;R-HSA-1564184;R-HSA-1604360;R-HSA-1454791;R-HSA-1566981;R-HSA-1564164;R-HSA-1566979;R-HSA-3791149;R-HSA-1592270;R-HSA-375135;R-HSA-1564169;R-HSA-8943959;R-HSA-1604359;R-HSA-1592314;R-HSA-1604731;R-HSA-1592316;R-HSA-1566962;R-HSA-1604350;R-HSA-1454781;R-HSA-1592371;R-HSA-1592436;R-HSA-1454843;R-HSA-1454822;R-HSA-1592297;R-HSA-1602473;R-HSA-2514772;R-HSA-1592362;R-HSA-1454757;R-HSA-1474213;R-HSA-2533970;R-HSA-2484882;R-HSA-1564143;R-HSA-1564142;R-HSA-2485148;R-HSA-2168923
R-HSA-5669034,TNFs bind their physiological receptors,2,30,0.00246812,3.95E-04,0.002768403,2,13,8.27E-04,9606,Homo sapiens,O75888;Q9UNG2,O75888;Q9UNG2,R-HSA-5676607;R-HSA-5675947
R-HSA-9958825,Activation of STAT3 by cadherin engagement,2,79,0.006499383,0.002669783,0.016018701,10,33,0.002100172,9606,Homo sapiens,P08887,P08887-2;P08887,R-HSA-9958871;R-HSA-1112514;R-HSA-1067651;R-HSA-1067667;R-HSA-1067640;R-HSA-1067688;R-HSA-9958878;R-HSA-9958877;R-HSA-1067659;R-HSA-1112510
R-HSA-9009391,Extra-nuclear estrogen signaling,2,80,0.006581654,0.0027363,0.016417802,1,39,0.002482021,9606,Homo sapiens,P08253;P08254,P08253;P08254,R-HSA-9624272
R-HSA-5668541,TNFR2 non-canonical NF-kB pathway,2,89,0.00732209,0.003369934,0.016849671,2,44,0.002800229,9606,Homo sapiens,O75888;Q9UNG2,O75888;Q9UNG2,R-HSA-5676607;R-HSA-5675947
R-HSA-1474244,Extracellular matrix organization,3,321,0.026408885,0.003387728,0.016938641,47,330,0.021001718,9606,Homo sapiens,P03956;P08253;P08254,P03956;P08253;P08254,R-HSA-8940554;R-HSA-4086205;R-HSA-1474197;R-HSA-1564179;R-HSA-3791295;R-HSA-1564112;R-HSA-1604752;R-HSA-1604368;R-HSA-1604690;R-HSA-2534248;R-HSA-1592278;R-HSA-1564120;R-HSA-1564184;R-HSA-1604360;R-HSA-1454791;R-HSA-1566981;R-HSA-1564164;R-HSA-1566979;R-HSA-3791149;R-HSA-1592270;R-HSA-375135;R-HSA-1564169;R-HSA-8943959;R-HSA-1604359;R-HSA-1592314;R-HSA-1604731;R-HSA-1592316;R-HSA-1566962;R-HSA-1604350;R-HSA-1454781;R-HSA-1592371;R-HSA-1592436;R-HSA-1454843;R-HSA-1454822;R-HSA-2213200;R-HSA-1592297;R-HSA-1602473;R-HSA-2514772;R-HSA-1592362;R-HSA-1454757;R-HSA-1474213;R-HSA-2533970;R-HSA-2484882;R-HSA-1564143;R-HSA-1564142;R-HSA-2485148;R-HSA-2168923
R-HSA-381426,Regulation of Insulin-like Growth Factor (IGF) transport and uptake by Insulin-like Growth Factor Binding Proteins (IGFBPs),2,124,0.010201563,0.006417338,0.029483793,1,14,8.91E-04,9606,Homo sapiens,P03956;P08253,P03956;P08253,R-HSA-381435
R-HSA-9732724,IFNG signaling activates MAPKs,1,8,6.58E-04,0.007869457,0.029483793,3,3,1.91E-04,9606,Homo sapiens,P01579,P01579,R-HSA-9732753;R-HSA-9732738;R-HSA-9732729
R-HSA-450520,HuR (ELAVL1) binds and stabilizes mRNA,1,8,6.58E-04,0.007869457,0.029483793,2,7,4.45E-04,9606,Homo sapiens,O75888,O75888,R-HSA-450595;R-HSA-450387
R-HSA-159763,Transport of gamma-carboxylated protein precursors from the endoplasmic reticulum to the Golgi apparatus,1,9,7.40E-04,0.008849137,0.029483793,1,9,5.73E-04,9606,Homo sapiens,P02818,P02818,R-HSA-6807229
R-HSA-2179392,EGFR Transactivation by Gastrin,1,10,8.23E-04,0.009827931,0.029483793,2,6,3.82E-04,9606,Homo sapiens,P08254,P08254,R-HSA-2179413;R-HSA-2179402
R-HSA-159782,Removal of aminoterminal propeptides from gamma-carboxylated proteins,1,10,8.23E-04,0.009827931,0.029483793,1,9,5.73E-04,9606,Homo sapiens,P02818,P02818,R-HSA-6807224
R-HSA-159740,Gamma-carboxylation of protein precursors,1,10,8.23E-04,0.009827931,0.029483793,1,9,5.73E-04,9606,Homo sapiens,P02818,P02818,R-HSA-6807214
R-HSA-8877330,RUNX1 and FOXP3 control the development of regulatory T lymphocytes (Tregs),1,10,8.23E-04,0.009827931,0.029483793,1,20,0.001272831,9606,Homo sapiens,P01579,P01579,R-HSA-9006422
R-HSA-159854,"Gamma-carboxylation, transport, and amino-terminal cleavage of proteins",1,11,9.05E-04,0.010805838,0.032417515,3,27,0.001718322,9606,Homo sapiens,P02818,P02818,R-HSA-6807214;R-HSA-6807229;R-HSA-6807224
R-HSA-9942503,Differentiation of naive CD4+ T cells to T helper 1 cells (Th1 cells),1,12,9.87E-04,0.01178286,0.035348581,1,16,0.001018265,9606,Homo sapiens,P01579,P01579,R-HSA-9942709
R-HSA-877312,Regulation of IFNG signaling,1,14,0.001151789,0.013734251,0.03719457,2,4,2.55E-04,9606,Homo sapiens,P01579,P01579,R-HSA-877308;R-HSA-877269
R-HSA-8939211,ESR-mediated signaling,2,195,0.016042781,0.015264816,0.03719457,1,111,0.007064214,9606,Homo sapiens,P08253;P08254,P08253;P08254,R-HSA-9624272
R-HSA-6788467,IL-6-type cytokine receptor ligand interactions,1,17,0.001398601,0.016654715,0.03719457,2,14,8.91E-04,9606,Homo sapiens,P20809,P20809,R-HSA-449829;R-HSA-449976
R-HSA-881907,Gastrin-CREB signalling pathway via PKC and MAPK,1,19,0.001563143,0.018597285,0.03719457,2,9,5.73E-04,9606,Homo sapiens,P08254,P08254,R-HSA-2179413;R-HSA-2179402
R-HSA-418990,Adherens junctions interactions,2,236,0.019415878,0.02186247,0.039491184,10,162,0.010309934,9606,Homo sapiens,P08887,P08887-2;P08887,R-HSA-9958871;R-HSA-1112514;R-HSA-1067651;R-HSA-1067667;R-HSA-1067640;R-HSA-1067688;R-HSA-9958878;R-HSA-9958877;R-HSA-1067659;R-HSA-1112510
R-HSA-9968734,Differentiation of Circulating Monocytes,1,25,0.002056767,0.024403907,0.039491184,1,2,1.27E-04,9606,Homo sapiens,P01579,P01579,R-HSA-9982455
R-HSA-8854691,Interleukin-20 family signaling,1,25,0.002056767,0.024403907,0.039491184,7,56,0.003563928,9606,Homo sapiens,Q9NYY1,Q9NYY1,R-HSA-8987179;R-HSA-9009227;R-HSA-8987104;R-HSA-8987141;R-HSA-8987156;R-HSA-8987220;R-HSA-8987015
R-HSA-210991,Basigin interactions,1,25,0.002056767,0.024403907,0.039491184,1,10,6.36E-04,9606,Homo sapiens,P03956,P03956,R-HSA-375135
R-HSA-8940973,RUNX2 regulates osteoblast differentiation,1,25,0.002056767,0.024403907,0.039491184,1,24,0.001527398,9606,Homo sapiens,P02818,P02818,R-HSA-8877922
R-HSA-912694,Regulation of IFNA/IFNB signaling,1,26,0.002139037,0.02536861,0.039491184,4,5,3.18E-04,9606,Homo sapiens,P01563,P01563,R-HSA-997311;R-HSA-997309;R-HSA-912680;R-HSA-997314
R-HSA-421270,Cell-cell junction organization,2,269,0.02213081,0.027895743,0.039491184,10,167,0.010628142,9606,Homo sapiens,P08887,P08887-2;P08887,R-HSA-9958871;R-HSA-1112514;R-HSA-1067651;R-HSA-1067667;R-HSA-1067640;R-HSA-1067688;R-HSA-9958878;R-HSA-9958877;R-HSA-1067659;R-HSA-1112510
R-HSA-9006931,Signaling by Nuclear Receptors,2,270,0.022213081,0.028088162,0.039491184,1,192,0.012219182,9606,Homo sapiens,P08253;P08254,P08253;P08254,R-HSA-9624272
R-HSA-933541,TRAF6 mediated IRF7 activation,1,29,0.002385849,0.028257475,0.039491184,1,13,8.27E-04,9606,Homo sapiens,P01563,P01563,R-HSA-9604499
R-HSA-8941326,RUNX2 regulates bone development,1,32,0.002632661,0.031138488,0.039491184,1,32,0.00203653,9606,Homo sapiens,P02818,P02818,R-HSA-8877922
R-HSA-5684996,MAPK1/MAPK3 signaling,2,286,0.023529412,0.031241145,0.039491184,2,82,0.005218609,9606,Homo sapiens,P08887,P08887-2;P08887,R-HSA-109857;R-HSA-109858
R-HSA-446728,Cell junction organization,2,296,0.024352118,0.033281517,0.039491184,10,183,0.011646407,9606,Homo sapiens,P08887,P08887-2;P08887,R-HSA-9958871;R-HSA-1112514;R-HSA-1067651;R-HSA-1067667;R-HSA-1067640;R-HSA-1067688;R-HSA-9958878;R-HSA-9958877;R-HSA-1067659;R-HSA-1112510
R-HSA-9833109,Evasion by RSV of host interferon responses,1,37,0.003044015,0.035922783,0.039491184,1,12,7.64E-04,9606,Homo sapiens,P01563,P01563,R-HSA-909719
R-HSA-8950505,Gene and protein expression by JAK-STAT signaling after Interleukin-12 stimulation,1,37,0.003044015,0.035922783,0.039491184,1,36,0.002291097,9606,Homo sapiens,P01579,P01579,R-HSA-9006431
R-HSA-5683057,MAPK family signaling cascades,2,325,0.026737968,0.039491184,0.039491184,2,122,0.007764272,9606,Homo sapiens,P08887,P08887-2;P08887,R-HSA-109857;R-HSA-109858
R-HSA-1500931,Cell-Cell communication,2,334,0.027478404,0.041503985,0.041503985,10,206,0.013110164,9606,Homo sapiens,P08887,P08887-2;P08887,R-HSA-9958871;R-HSA-1112514;R-HSA-1067651;R-HSA-1067667;R-HSA-1067640;R-HSA-1067688;R-HSA-9958878;R-HSA-9958877;R-HSA-1067659;R-HSA-1112510
R-HSA-9020591,Interleukin-12 signaling,1,46,0.003784451,0.044479977,0.044479977,1,56,0.003563928,9606,Homo sapiens,P01579,P01579,R-HSA-9006431
R-HSA-913531,Interferon Signaling,2,361,0.029699712,0.047775272,0.047775272,28,157,0.009991727,9606,Homo sapiens,P01579;P01563,P01579;P01563,R-HSA-9689680;R-HSA-9732753;R-HSA-9734547;R-HSA-873924;R-HSA-873927;R-HSA-873926;R-HSA-873921;R-HSA-997314;R-HSA-873922;R-HSA-909724;R-HSA-909726;R-HSA-909720;R-HSA-9732738;R-HSA-909722;R-HSA-877269;R-HSA-909719;R-HSA-909718;R-HSA-912680;R-HSA-909732;R-HSA-909729;R-HSA-9732729;R-HSA-909730;R-HSA-997311;R-HSA-877308;R-HSA-997309;R-HSA-873919;R-HSA-873918;R-HSA-909552
R-HSA-3928665,EPH-ephrin mediated repulsion of cells,1,51,0.004195804,0.049203834,0.049203834,1,9,5.73E-04,9606,Homo sapiens,P08253,P08253,R-HSA-3928657
R-HSA-447115,Interleukin-12 family signaling,1,56,0.004607158,0.053906274,0.053906274,1,114,0.007255139,9606,Homo sapiens,P01579,P01579,R-HSA-9006431
R-HSA-9616222,Transcriptional regulation of granulopoiesis,1,58,0.004771699,0.055781273,0.055781273,1,27,0.001718322,9606,Homo sapiens,P08887,P08887,R-HSA-9634430
R-HSA-163841,"Gamma carboxylation, hypusinylation, hydroxylation, and arylsulfatase activation",1,61,0.005018511,0.058587386,0.058587386,3,50,0.003182079,9606,Homo sapiens,P02818,P02818,R-HSA-6807214;R-HSA-6807229;R-HSA-6807224
R-HSA-2022090,Assembly of collagen fibrils and other multimeric structures,1,61,0.005018511,0.058587386,0.058587386,1,26,0.001654681,9606,Homo sapiens,P08254,P08254,R-HSA-2213200
R-HSA-450531,Regulation of mRNA stability by proteins that bind AU-rich elements,1,75,0.0061703,0.071581783,0.071581783,2,26,0.001654681,9606,Homo sapiens,O75888,O75888,R-HSA-450595;R-HSA-450387
R-HSA-909733,Interferon alpha/beta signaling,1,80,0.006581654,0.076182649,0.076182649,13,25,0.001591039,9606,Homo sapiens,P01563,P01563,R-HSA-912680;R-HSA-909732;R-HSA-909729;R-HSA-997314;R-HSA-909730;R-HSA-997311;R-HSA-909724;R-HSA-997309;R-HSA-909726;R-HSA-909720;R-HSA-909722;R-HSA-909719;R-HSA-909718
R-HSA-168928,DDX58/IFIH1-mediated induction of interferon-alpha/beta,1,86,0.007075278,0.081676096,0.081676096,1,53,0.003373003,9606,Homo sapiens,P01563,P01563,R-HSA-9604499
R-HSA-9945266,Differentiation of T cells,1,87,0.007157548,0.082588753,0.082588753,1,28,0.001781964,9606,Homo sapiens,P01579,P01579,R-HSA-9942709
R-HSA-1474290,Collagen formation,1,90,0.00740436,0.08532174,0.08532174,1,77,0.004900401,9606,Homo sapiens,P08254,P08254,R-HSA-2213200
R-HSA-2682334,EPH-Ephrin signaling,1,92,0.007568902,0.087139583,0.087139583,1,56,0.003563928,9606,Homo sapiens,P08253,P08253,R-HSA-3928657
R-HSA-9679506,SARS-CoV Infections,2,517,0.042533937,0.089990642,0.089990642,2,399,0.025392987,9606,Homo sapiens,P08887;P01563,P08887;P01563,R-HSA-909726;R-HSA-9681294
R-HSA-877300,Interferon gamma signaling,1,98,0.008062526,0.09257326,0.09257326,15,23,0.001463756,9606,Homo sapiens,P01579,P01579,R-HSA-9689680;R-HSA-9732753;R-HSA-9734547;R-HSA-873924;R-HSA-873927;R-HSA-873926;R-HSA-873921;R-HSA-9732729;R-HSA-873922;R-HSA-877308;R-HSA-873919;R-HSA-873918;R-HSA-9732738;R-HSA-877269;R-HSA-909552
R-HSA-8878166,Transcriptional regulation by RUNX2,1,107,0.008802962,0.100668204,0.100668204,1,81,0.005154967,9606,Homo sapiens,P02818,P02818,R-HSA-8877922
R-HSA-9833110,RSV-host interactions,1,108,0.008885232,0.101563544,0.101563544,1,27,0.001718322,9606,Homo sapiens,P01563,P01563,R-HSA-909719
R-HSA-9820952,Respiratory Syncytial Virus Infection Pathway,1,133,0.010941999,0.123683225,0.123683225,1,99,0.006300515,9606,Homo sapiens,P01563,P01563,R-HSA-909719
R-HSA-9705671,SARS-CoV-2 activates/modulates innate and adaptive immune responses,1,144,0.011846977,0.133256795,0.133256795,1,48,0.003054795,9606,Homo sapiens,P01563,P01563,R-HSA-909726
R-HSA-983231,Factors involved in megakaryocyte development and platelet production,1,160,0.013163307,0.147010924,0.147010924,1,43,0.002736588,9606,Homo sapiens,P01563,P01563,R-HSA-994034
R-HSA-9679191,Potential therapeutics for SARS,1,164,0.01349239,0.150418049,0.150418049,1,36,0.002291097,9606,Homo sapiens,P08887,P08887,R-HSA-9681294
R-HSA-109582,Hemostasis,2,738,0.060715755,0.162604787,0.162604787,2,366,0.023292815,9606,Homo sapiens,P03956;P01563,P03956;P01563,R-HSA-375135;R-HSA-994034
R-HSA-9734767,Developmental Cell Lineages,1,181,0.014890991,0.16475961,0.16475961,1,26,0.001654681,9606,Homo sapiens,P01579,P01579,R-HSA-9982455
R-HSA-8878171,Transcriptional regulation by RUNX1,1,193,0.015878239,0.174749077,0.174749077,1,132,0.008400687,9606,Homo sapiens,P01579,P01579,R-HSA-9006422
R-HSA-1266738,Developmental Biology,3,1542,0.126861374,0.187800968,0.187800968,4,995,0.063323363,9606,Homo sapiens,P01579;P08253;P08887,P01579;P08253;P08887,R-HSA-9942709;R-HSA-3928657;R-HSA-9634430;R-HSA-9982455
R-HSA-416476,G alpha (q) signalling events,1,220,0.018099548,0.196826221,0.196826221,2,35,0.002227455,9606,Homo sapiens,P08254,P08254,R-HSA-2179413;R-HSA-2179402
R-HSA-9705683,SARS-CoV-2-host interactions,1,221,0.018181818,0.197633397,0.197633397,1,68,0.004327627,9606,Homo sapiens,P01563,P01563,R-HSA-909726
R-HSA-202733,Cell surface interactions at the vascular wall,1,246,0.020238585,0.217572718,0.217572718,1,65,0.004136702,9606,Homo sapiens,P03956,P03956,R-HSA-375135
R-HSA-162582,Signal Transduction,4,2616,0.215220074,0.247317455,0.247317455,5,2581,0.164258894,9606,Homo sapiens,P08253;P08254;P08887,P08887-2;P08253;P08254;P08887,R-HSA-109857;R-HSA-9624272;R-HSA-109858;R-HSA-2179413;R-HSA-2179402
R-HSA-9694516,SARS-CoV-2 Infection,1,320,0.026326615,0.273961603,0.273961603,1,209,0.013301088,9606,Homo sapiens,P01563,P01563,R-HSA-909726
R-HSA-392499,Metabolism of proteins,3,2114,0.173920197,0.348440003,0.348440003,4,912,0.058041112,9606,Homo sapiens,P02818;P03956;P08253,P02818;P03956;P08253,R-HSA-6807214;R-HSA-6807229;R-HSA-381435;R-HSA-6807224
R-HSA-212436,Generic Transcription Pathway,2,1256,0.103331962,0.356301803,0.356301803,2,878,0.055877299,9606,Homo sapiens,P02818;P01579,P02818;P01579,R-HSA-8877922;R-HSA-9006422
R-HSA-9824446,Viral Infection Pathways,2,1285,0.105717812,0.367215237,0.367215237,3,889,0.056577356,9606,Homo sapiens,P08887;P01563,P08887;P01563,R-HSA-909726;R-HSA-909719;R-HSA-9681294
R-HSA-73857,RNA Polymerase II Transcription,2,1342,0.11040724,0.388529754,0.388529754,2,938,0.059695793,9606,Homo sapiens,P02818;P01579,P02818;P01579,R-HSA-8877922;R-HSA-9006422
R-HSA-422475,Axon guidance,1,540,0.044426162,0.420343098,0.420343098,1,294,0.018710622,9606,Homo sapiens,P08253,P08253,R-HSA-3928657
R-HSA-9675108,Nervous system development,1,566,0.0465652,0.435723458,0.435723458,1,321,0.020428944,9606,Homo sapiens,P08253,P08253,R-HSA-3928657
R-HSA-74160,Gene expression (Transcription),2,1539,0.126614562,0.460284878,0.460284878,2,1137,0.072360466,9606,Homo sapiens,P02818;P01579,P02818;P01579,R-HSA-8877922;R-HSA-9006422
R-HSA-388396,GPCR downstream signalling,1,638,0.052488688,0.476384078,0.476384078,2,175,0.011137275,9606,Homo sapiens,P08254,P08254,R-HSA-2179413;R-HSA-2179402
R-HSA-372790,Signaling by GPCR,1,715,0.058823529,0.516882538,0.516882538,2,394,0.025074779,9606,Homo sapiens,P08254,P08254,R-HSA-2179413;R-HSA-2179402
R-HSA-5663205,Infectious disease,2,1732,0.142492801,0.526726074,0.526726074,3,1203,0.07656081,9606,Homo sapiens,P08887;P01563,P08887;P01563,R-HSA-909726;R-HSA-909719;R-HSA-9681294
R-HSA-8953854,Metabolism of RNA,1,748,0.061538462,0.533343048,0.533343048,2,244,0.015528543,9606,Homo sapiens,O75888,O75888,R-HSA-450595;R-HSA-450387
R-HSA-168249,Innate Immune System,1,1234,0.101522007,0.723248918,0.723248918,1,747,0.047540253,9606,Homo sapiens,P01563,P01563,R-HSA-9604499
R-HSA-1643685,Disease,2,2580,0.21225833,0.758288547,0.758288547,3,2146,0.136574811,9606,Homo sapiens,P08887;P01563,P08887;P01563,R-HSA-909726;R-HSA-909719;R-HSA-9681294
R-HSA-597592,Post-translational protein modification,1,1483,0.122007404,0.790159051,0.790159051,3,594,0.037803093,9606,Homo sapiens,P02818,P02818,R-HSA-6807214;R-HSA-6807229;R-HSA-6807224
