Pathway identifier,Pathway name,#Entities found,#Entities total,Entities ratio,Entities pValue,Entities FDR,#Reactions found,#Reactions total,Reactions ratio,Species identifier,Species name,Submitted entities found,Mapped entities,Found reaction identifiers,Expected_Hits,Enrichment_Ratio,Log2_Enrichment_Ratio
R-HSA-112411,MAPK1 (ERK2) activation,2,10,0.0008227067050596463,4.4427524161894105e-05,0.0004887027657808352,1,3,0.0001909247120218927,9606,Homo sapiens,P08887,P08887-2;P08887,R-HSA-109858,0.018095238095238095,110.52631578947368,6.7882460991099
R-HSA-110056,MAPK3 (ERK1) activation,2,11,0.0009049773755656108,5.372783014367944e-05,0.0005372783014367943,1,4,0.0002545662826958569,9606,Homo sapiens,P08887,P08887-2;P08887,R-HSA-109857,0.019904761904761904,100.47846889952153,6.650742575359964
R-HSA-1059683,Interleukin-6 signaling,2,15,0.0012340600575894,9.968819759365032e-05,0.000897193778342853,17,20,0.0012728314134792,9606,Homo sapiens,P08887,P08887-2;P08887,R-HSA-1112690;R-HSA-1112755;R-HSA-1067667;R-HSA-1112565;R-HSA-1112727;R-HSA-1067640;R-HSA-1112602;R-HSA-1112604;R-HSA-1067676;R-HSA-1112510;R-HSA-1112703;R-HSA-1112514;R-HSA-1067651;R-HSA-1112708;R-HSA-1067688;R-HSA-1067659;R-HSA-9681294,0.027142857142857142,73.6842105263158,6.203283598388744
R-HSA-450520,HuR (ELAVL1) binds and stabilizes mRNA,1,8,0.0006581653640477169,0.0078694570102553,0.0294837926492339,2,7,0.0004454909947177496,9606,Homo sapiens,O75888,O75888,R-HSA-450595;R-HSA-450387,0.014476190476190476,69.07894736842105,6.110174193997262
R-HSA-9732724,IFNG signaling activates MAPKs,1,8,0.0006581653640477169,0.0078694570102553,0.0294837926492339,3,3,0.0001909247120218927,9606,Homo sapiens,P01579,P01579,R-HSA-9732753;R-HSA-9732738;R-HSA-9732729,0.014476190476190476,69.07894736842105,6.110174193997262
R-HSA-159763,Transport of gamma-carboxylated protein precursors from the endoplasmic reticulum to the Golgi apparatus,1,9,0.0007404360345536817,0.0088491373685953,0.0294837926492339,1,9,0.0005727741360656781,9606,Homo sapiens,P02818,P02818,R-HSA-6807229,0.016285714285714285,61.40350877192983,5.940249192554949
R-HSA-6783589,Interleukin-6 family signaling,3,28,0.002303578774167,2.647745611650265e-06,5.825040345630583e-05,19,34,0.0021638134029147,9606,Homo sapiens,P20809;P08887,P08887-2;P20809;P08887,R-HSA-1112690;R-HSA-449829;R-HSA-1112755;R-HSA-1067667;R-HSA-1112565;R-HSA-1112727;R-HSA-1067640;R-HSA-1112602;R-HSA-1112604;R-HSA-1067676;R-HSA-1112510;R-HSA-1112703;R-HSA-1112514;R-HSA-1067651;R-HSA-1112708;R-HSA-1067688;R-HSA-1067659;R-HSA-9681294;R-HSA-449976,0.050666666666666665,59.21052631578947,5.887781772660814
R-HSA-2179392,EGFR Transactivation by Gastrin,1,10,0.0008227067050596463,0.0098279308830779,0.0294837926492339,2,6,0.0003818494240437854,9606,Homo sapiens,P08254,P08254,R-HSA-2179413;R-HSA-2179402,0.018095238095238095,55.26315789473684,5.7882460991099
R-HSA-159782,Removal of aminoterminal propeptides from gamma-carboxylated proteins,1,10,0.0008227067050596463,0.0098279308830779,0.0294837926492339,1,9,0.0005727741360656781,9606,Homo sapiens,P02818,P02818,R-HSA-6807224,0.018095238095238095,55.26315789473684,5.7882460991099
R-HSA-159740,Gamma-carboxylation of protein precursors,1,10,0.0008227067050596463,0.0098279308830779,0.0294837926492339,1,9,0.0005727741360656781,9606,Homo sapiens,P02818,P02818,R-HSA-6807214,0.018095238095238095,55.26315789473684,5.7882460991099
R-HSA-8877330,RUNX1 and FOXP3 control the development of regulatory T lymphocytes (Tregs),1,10,0.0008227067050596463,0.0098279308830779,0.0294837926492339,1,20,0.0012728314134792,9606,Homo sapiens,P01579,P01579,R-HSA-9006422,0.018095238095238095,55.26315789473684,5.7882460991099
R-HSA-159854,"Gamma-carboxylation, transport, and amino-terminal cleavage of proteins",1,11,0.0009049773755656108,0.0108058382835829,0.0324175148507488,3,27,0.001718322408197,9606,Homo sapiens,P02818,P02818,R-HSA-6807214;R-HSA-6807229;R-HSA-6807224,0.019904761904761904,50.239234449760765,5.650742575359964
R-HSA-1592389,Activation of Matrix Metalloproteinases,3,33,0.0027149321266968,4.322520389510309e-06,6.483780584265464e-05,14,27,0.001718322408197,9606,Homo sapiens,P03956;P08253;P08254,P03956;P08253;P08254,R-HSA-1604731;R-HSA-1592316;R-HSA-1604350;R-HSA-1604752;R-HSA-1604368;R-HSA-1604690;R-HSA-1592371;R-HSA-1592436;R-HSA-1592278;R-HSA-1604360;R-HSA-1592297;R-HSA-1602473;R-HSA-1592362;R-HSA-1604359,0.05971428571428572,50.23923444976076,5.650742575359964
R-HSA-9942503,Differentiation of naive CD4+ T cells to T helper 1 cells (Th1 cells),1,12,0.0009872480460715754,0.0117828602994535,0.0353485808983605,1,16,0.0010182651307834,9606,Homo sapiens,P01579,P01579,R-HSA-9942709,0.021714285714285717,46.05263157894736,5.5252116932761055
R-HSA-112409,RAF-independent MAPK1/3 activation,2,24,0.0019744960921431,0.00025394532496514355,0.0020315625997211,2,12,0.0007636988480875708,9606,Homo sapiens,P08887,P08887-2;P08887,R-HSA-109857;R-HSA-109858,0.043428571428571434,46.05263157894736,5.5252116932761055
R-HSA-877312,Regulation of IFNG signaling,1,14,0.0011517893870835,0.013734251091959,0.0371945695842566,2,4,0.0002545662826958569,9606,Homo sapiens,P01579,P01579,R-HSA-877308;R-HSA-877269,0.025333333333333333,39.473684210526315,5.302819271939658
R-HSA-5669034,TNFs bind their physiological receptors,2,30,0.0024681201151789,0.00039548620099483234,0.0027684034069638,2,13,0.0008273404187615351,9606,Homo sapiens,O75888;Q9UNG2,O75888;Q9UNG2,R-HSA-5676607;R-HSA-5675947,0.054285714285714284,36.8421052631579,5.203283598388744
R-HSA-6788467,IL-6-type cytokine receptor ligand interactions,1,17,0.0013986013986013,0.0166547150984561,0.0371945695842566,2,14,0.0008909819894354992,9606,Homo sapiens,P20809,P20809,R-HSA-449829;R-HSA-449976,0.030761904761904765,32.50773993808049,5.0227113527469225
R-HSA-881907,Gastrin-CREB signalling pathway via PKC and MAPK,1,19,0.0015631427396133,0.0185972847921283,0.0371945695842566,2,9,0.0005727741360656781,9606,Homo sapiens,P08254,P08254,R-HSA-2179413;R-HSA-2179402,0.03438095238095238,29.085872576177287,4.862246680553676
R-HSA-1442490,Collagen degradation,3,64,0.0052653229123817,3.099191008038016e-05,0.00040289483104494206,14,34,0.0021638134029147,9606,Homo sapiens,P03956;P08253;P08254,P03956;P08253;P08254,R-HSA-1474197;R-HSA-1564179;R-HSA-1564112;R-HSA-1564120;R-HSA-1564184;R-HSA-1454822;R-HSA-1454757;R-HSA-1564164;R-HSA-1474213;R-HSA-2484882;R-HSA-1564143;R-HSA-1564142;R-HSA-2168923;R-HSA-1564169,0.1158095238095238,25.904605263157894,4.695136694718418
R-HSA-9968734,Differentiation of Circulating Monocytes,1,25,0.0020567667626491,0.0244039073727723,0.0394911839911564,1,2,0.00012728314134792846,9606,Homo sapiens,P01579,P01579,R-HSA-9982455,0.045238095238095244,22.105263157894733,4.466318004222537
R-HSA-8854691,Interleukin-20 family signaling,1,25,0.0020567667626491,0.0244039073727723,0.0394911839911564,7,56,0.0035639279577419,9606,Homo sapiens,Q9NYY1,Q9NYY1,R-HSA-8987179;R-HSA-9009227;R-HSA-8987104;R-HSA-8987141;R-HSA-8987156;R-HSA-8987220;R-HSA-8987015,0.045238095238095244,22.105263157894733,4.466318004222537
R-HSA-210991,Basigin interactions,1,25,0.0020567667626491,0.0244039073727723,0.0394911839911564,1,10,0.0006364157067396424,9606,Homo sapiens,P03956,P03956,R-HSA-375135,0.045238095238095244,22.105263157894733,4.466318004222537
R-HSA-8940973,RUNX2 regulates osteoblast differentiation,1,25,0.0020567667626491,0.0244039073727723,0.0394911839911564,1,24,0.0015273976961751,9606,Homo sapiens,P02818,P02818,R-HSA-8877922,0.045238095238095244,22.105263157894733,4.466318004222537
R-HSA-912694,Regulation of IFNA/IFNB signaling,1,26,0.002139037433155,0.0253686102827275,0.0394911839911564,4,5,0.0003182078533698212,9606,Homo sapiens,P01563,P01563,R-HSA-997311;R-HSA-997309;R-HSA-912680;R-HSA-997314,0.047047619047619046,21.25506072874494,4.40973447585617
R-HSA-6785807,Interleukin-4 and Interleukin-13 signaling,4,111,0.009132044426162,3.2466034121103604e-06,5.843886141798649e-05,2,47,0.0029911538216763,9606,Homo sapiens,P03956;P08253;P08254;P08887,P03956;P08253;P08254;P08887,R-HSA-6790022;R-HSA-6789615,0.20085714285714287,19.91465149359886,4.315758327647155
R-HSA-933541,TRAF6 mediated IRF7 activation,1,29,0.0023858494446729,0.028257474840139,0.0394911839911564,1,13,0.0008273404187615351,9606,Homo sapiens,P01563,P01563,R-HSA-9604499,0.052476190476190475,19.056261343012704,4.25219319886969
R-HSA-8941326,RUNX2 regulates bone development,1,32,0.0026326614561908,0.0311384882575657,0.0394911839911564,1,32,0.0020365302615668,9606,Homo sapiens,P02818,P02818,R-HSA-8877922,0.0579047619047619,17.269736842105264,4.110174193997262
R-HSA-8950505,Gene and protein expression by JAK-STAT signaling after Interleukin-12 stimulation,1,37,0.0030440148087206,0.0359227829868931,0.0394911839911564,1,36,0.0022910965442627,9606,Homo sapiens,P01579,P01579,R-HSA-9006431,0.06695238095238094,14.935988620199149,3.9007208283683124
R-HSA-9833109,Evasion by RSV of host interferon responses,1,37,0.0030440148087206,0.0359227829868931,0.0394911839911564,1,12,0.0007636988480875708,9606,Homo sapiens,P01563,P01563,R-HSA-909719,0.06695238095238094,14.935988620199149,3.9007208283683124
R-HSA-9958825,Activation of STAT3 by cadherin engagement,2,79,0.0064993829699712,0.0026697834386294,0.0160187006317766,10,33,0.0021001718322408,9606,Homo sapiens,P08887,P08887-2;P08887,R-HSA-9958871;R-HSA-1112514;R-HSA-1067651;R-HSA-1067667;R-HSA-1067640;R-HSA-1067688;R-HSA-9958878;R-HSA-9958877;R-HSA-1067659;R-HSA-1112510,0.14295238095238094,13.990672884743505,3.806393445820159
R-HSA-9009391,Extra-nuclear estrogen signaling,2,80,0.0065816536404771,0.002736300393404,0.016417802360424,1,39,0.0024820212562846,9606,Homo sapiens,P08253;P08254,P08253;P08254,R-HSA-9624272,0.14476190476190476,13.81578947368421,3.7882460991098994
R-HSA-5668541,TNFR2 non-canonical NF-kB pathway,2,89,0.0073220896750308,0.0033699342264772,0.0168496711323862,2,44,0.0028002291096544,9606,Homo sapiens,O75888;Q9UNG2,O75888;Q9UNG2,R-HSA-5676607;R-HSA-5675947,0.16104761904761905,12.418687167356593,3.634440763030864
R-HSA-9020591,Interleukin-12 signaling,1,46,0.0037844508432743,0.0444799769518285,0.0444799769518285,1,56,0.0035639279577419,9606,Homo sapiens,P01579,P01579,R-HSA-9006431,0.08323809523809525,12.013729977116704,3.586612237940249
R-HSA-1474228,Degradation of the extracellular matrix,3,140,0.011517893870835,0.0003109640237751732,0.0021767481664262,46,105,0.0066823649207662,9606,Homo sapiens,P03956;P08253;P08254,P03956;P08253;P08254,R-HSA-8940554;R-HSA-4086205;R-HSA-1474197;R-HSA-1564179;R-HSA-3791295;R-HSA-1564112;R-HSA-1604752;R-HSA-1604368;R-HSA-1604690;R-HSA-2534248;R-HSA-1592278;R-HSA-1564120;R-HSA-1564184;R-HSA-1604360;R-HSA-1454791;R-HSA-1566981;R-HSA-1564164;R-HSA-1566979;R-HSA-3791149;R-HSA-1592270;R-HSA-375135;R-HSA-1564169;R-HSA-8943959;R-HSA-1604359;R-HSA-1592314;R-HSA-1604731;R-HSA-1592316;R-HSA-1566962;R-HSA-1604350;R-HSA-1454781;R-HSA-1592371;R-HSA-1592436;R-HSA-1454843;R-HSA-1454822;R-HSA-1592297;R-HSA-1602473;R-HSA-2514772;R-HSA-1592362;R-HSA-1454757;R-HSA-1474213;R-HSA-2533970;R-HSA-2484882;R-HSA-1564143;R-HSA-1564142;R-HSA-2485148;R-HSA-2168923,0.25333333333333335,11.842105263157894,3.5658536777734513
R-HSA-3928665,EPH-ephrin mediated repulsion of cells,1,51,0.0041958041958041,0.0492038335116531,0.0492038335116531,1,9,0.0005727741360656781,9606,Homo sapiens,P08253,P08253,R-HSA-3928657,0.09228571428571428,10.8359133126935,3.4377488520257664
R-HSA-381426,Regulation of Insulin-like Growth Factor (IGF) transport and uptake by Insulin-like Growth Factor Binding Proteins (IGFBPs),2,124,0.0102015631427396,0.0064173376387342,0.0294837926492339,1,14,0.0008909819894354992,9606,Homo sapiens,P03956;P08253,P03956;P08253,R-HSA-381435,0.22438095238095238,8.913412563667233,3.1559778836103867
R-HSA-8939211,ESR-mediated signaling,2,195,0.0160427807486631,0.0152648155239047,0.0371945695842566,1,111,0.00706421434481,9606,Homo sapiens,P08253;P08254,P08253;P08254,R-HSA-9624272,0.35285714285714287,5.668016194331984,2.502843880247651
R-HSA-1474244,Extracellular matrix organization,3,321,0.0264088852324146,0.0033877282467305,0.0169386412336525,47,330,0.0210017183224081,9606,Homo sapiens,P03956;P08253;P08254,P03956;P08253;P08254,R-HSA-8940554;R-HSA-4086205;R-HSA-1474197;R-HSA-1564179;R-HSA-3791295;R-HSA-1564112;R-HSA-1604752;R-HSA-1604368;R-HSA-1604690;R-HSA-2534248;R-HSA-1592278;R-HSA-1564120;R-HSA-1564184;R-HSA-1604360;R-HSA-1454791;R-HSA-1566981;R-HSA-1564164;R-HSA-1566979;R-HSA-3791149;R-HSA-1592270;R-HSA-375135;R-HSA-1564169;R-HSA-8943959;R-HSA-1604359;R-HSA-1592314;R-HSA-1604731;R-HSA-1592316;R-HSA-1566962;R-HSA-1604350;R-HSA-1454781;R-HSA-1592371;R-HSA-1592436;R-HSA-1454843;R-HSA-1454822;R-HSA-2213200;R-HSA-1592297;R-HSA-1602473;R-HSA-2514772;R-HSA-1592362;R-HSA-1454757;R-HSA-1474213;R-HSA-2533970;R-HSA-2484882;R-HSA-1564143;R-HSA-1564142;R-HSA-2485148;R-HSA-2168923,0.5808571428571428,5.164781111657649,2.368707207596115
R-HSA-418990,Adherens junctions interactions,2,236,0.0194158782394076,0.0218624704898645,0.0394911839911564,10,162,0.0103099344491822,9606,Homo sapiens,P08887,P08887-2;P08887,R-HSA-9958871;R-HSA-1112514;R-HSA-1067651;R-HSA-1067667;R-HSA-1067640;R-HSA-1067688;R-HSA-9958878;R-HSA-9958877;R-HSA-1067659;R-HSA-1112510,0.42704761904761906,4.683318465655664,2.2275311446354205
R-HSA-421270,Cell-cell junction organization,2,269,0.0221308103661044,0.0278957432369494,0.0394911839911564,10,167,0.010628142302552,9606,Homo sapiens,P08887,P08887-2;P08887,R-HSA-9958871;R-HSA-1112514;R-HSA-1067651;R-HSA-1067667;R-HSA-1067640;R-HSA-1067688;R-HSA-9958878;R-HSA-9958877;R-HSA-1067659;R-HSA-1112510,0.48676190476190473,4.108784973586382,2.038711831440638
R-HSA-9006931,Signaling by Nuclear Receptors,2,270,0.0222130810366104,0.028088162082587,0.0394911839911564,1,192,0.0122191815694011,9606,Homo sapiens,P08253;P08254,P08253;P08254,R-HSA-9624272,0.48857142857142855,4.093567251461988,2.0333585969464307
R-HSA-5684996,MAPK1/MAPK3 signaling,2,286,0.0235294117647058,0.0312411449497405,0.0394911839911564,2,82,0.005218608795265,9606,Homo sapiens,P08887,P08887-2;P08887,R-HSA-109857;R-HSA-109858,0.5175238095238095,3.8645564961354437,1.9503028572188725
R-HSA-446728,Cell junction organization,2,296,0.0243521184697655,0.0332815172375535,0.0394911839911564,10,183,0.0116464074333354,9606,Homo sapiens,P08887,P08887-2;P08887,R-HSA-9958871;R-HSA-1112514;R-HSA-1067651;R-HSA-1067667;R-HSA-1067640;R-HSA-1067688;R-HSA-9958878;R-HSA-9958877;R-HSA-1067659;R-HSA-1112510,0.5356190476190476,3.7339971550497872,1.9007208283683124
R-HSA-5683057,MAPK family signaling cascades,2,325,0.0267379679144385,0.0394911839911564,0.0394911839911564,2,122,0.0077642716222236,9606,Homo sapiens,P08887,P08887-2;P08887,R-HSA-109857;R-HSA-109858,0.5880952380952381,3.40080971659919,1.7658782860814448
R-HSA-1500931,Cell-Cell communication,2,334,0.0274784039489921,0.041503985019074,0.041503985019074,10,206,0.0131101635588366,9606,Homo sapiens,P08887,P08887-2;P08887,R-HSA-9958871;R-HSA-1112514;R-HSA-1067651;R-HSA-1067667;R-HSA-1067640;R-HSA-1067688;R-HSA-9958878;R-HSA-9958877;R-HSA-1067659;R-HSA-1112510,0.6043809523809524,3.309171131421368,1.7264699015232097
R-HSA-913531,Interferon Signaling,2,361,0.0296997120526532,0.0477752723504482,0.0477752723504482,28,157,0.0099917265958123,9606,Homo sapiens,P01579;P01563,P01579;P01563,R-HSA-9689680;R-HSA-9732753;R-HSA-9734547;R-HSA-873924;R-HSA-873927;R-HSA-873926;R-HSA-873921;R-HSA-997314;R-HSA-873922;R-HSA-909724;R-HSA-909726;R-HSA-909720;R-HSA-9732738;R-HSA-909722;R-HSA-877269;R-HSA-909719;R-HSA-909718;R-HSA-912680;R-HSA-909732;R-HSA-909729;R-HSA-9732729;R-HSA-909730;R-HSA-997311;R-HSA-877308;R-HSA-997309;R-HSA-873919;R-HSA-873918;R-HSA-909552,0.6532380952380952,3.0616707974923463,1.6143191671100912
