Protein,Effect,N,num_df,den_df,F_statistic,p_value_raw,Partial_Eta_Squared,p_value_FDR,Significant_FDR
APRIL/TNFSF13,TimePoint:Group,30,2.0,27.0,0.29388561728546386,0.7477156997130794,0.02130549907686551,0.9387986007508663,False
APRIL/TNFSF13,Group,30,2.0,27.0,1.3089522748071487,0.28669978829305803,0.08838925607410635,0.9916550460599678,False
APRIL/TNFSF13,TimePoint,30,1.0,27.0,0.19784017818460267,0.6600151827887023,0.007274113565212076,0.8791266035576746,False
BAFF/TNFSF13B,TimePoint:Group,30,2.0,27.0,2.6183790337005672,0.09134135653879273,0.16244679618378613,0.7663524485767527,False
BAFF/TNFSF13B,Group,30,2.0,27.0,0.30400923650093536,0.7403466546307632,0.022023256525869738,0.9916550460599678,False
BAFF/TNFSF13B,TimePoint,30,1.0,27.0,0.9151081406002542,0.34725035790131875,0.03278182323317974,0.7511350268482675,False
sCD30/TNFRSF8,TimePoint:Group,30,2.0,27.0,0.010952643761128818,0.9891115102746819,0.0008106492598940723,0.9891115102746819,False
sCD30/TNFRSF8,Group,30,2.0,27.0,0.43445760941311384,0.6520635843794959,0.031178652344503573,0.9916550460599678,False
sCD30/TNFRSF8,TimePoint,30,1.0,27.0,10.733377408267321,0.002889436812062775,0.2844531326240533,0.04645664069279898,True
sCD163,TimePoint:Group,30,2.0,27.0,0.4217259642445852,0.6601601171071361,0.03029264944071672,0.9097607408598654,False
sCD163,Group,30,2.0,27.0,0.10019043539593642,0.9049998669216728,0.007366840624170982,0.9916550460599678,False
sCD163,TimePoint,30,1.0,27.0,9.042763522151162,0.00564626801942726,0.2508898496807455,0.06380282861952803,False
Chitinase 3-like1,TimePoint:Group,30,2.0,27.0,1.5505381119722599,0.23043768254868613,0.10302210462088744,0.7663524485767527,False
Chitinase 3-like1,Group,30,2.0,27.0,0.6852005159085756,0.5125389865331598,0.04830390061389187,0.9916550460599678,False
Chitinase 3-like1,TimePoint,30,1.0,27.0,3.245652560659539,0.082791377741119,0.1073097217575379,0.37421702738985785,False
gp130/sIL-6Rb,TimePoint:Group,30,2.0,27.0,1.5386677060058045,0.23290535306116236,0.10231409697225545,0.7663524485767527,False
gp130/sIL-6Rb,Group,30,2.0,27.0,2.7094517970496197,0.0846512657807914,0.16715258671133984,0.9772975969663831,False
gp130/sIL-6Rb,TimePoint,30,1.0,27.0,12.419136392192899,0.001535335751033854,0.3150534874389727,0.04337323496670637,True
IFN-a2,TimePoint:Group,30,2.0,27.0,0.10358284602312987,0.9019578570394611,0.007614379770062654,0.9615211117496142,False
IFN-a2,Group,30,2.0,27.0,0.05440981356349448,0.9471474820994413,0.004014177991656133,0.9916550460599678,False
IFN-a2,TimePoint,30,1.0,27.0,0.04688955529092259,0.8301946706412265,0.0017336394706336958,0.8944936061726617,False
IFN-y,TimePoint:Group,30,2.0,27.0,3.2272465001577246,0.05537015081213907,0.19293351718869534,0.7663524485767527,False
IFN-y,Group,30,2.0,27.0,0.23998733041591447,0.7882979354298344,0.017466342919011262,0.9916550460599678,False
IFN-y,TimePoint,30,1.0,27.0,4.379293919946125,0.04590981629651748,0.13955998918007664,0.29060853761291466,False
sIL-6Ra,TimePoint:Group,30,2.0,27.0,0.16923856880672677,0.8451961499454665,0.012380979961307432,0.9454739748064932,False
sIL-6Ra,Group,30,2.0,27.0,0.04820916828519067,0.9530162786425207,0.0035583424854439675,0.9916550460599678,False
sIL-6Ra,TimePoint,30,1.0,27.0,3.3500904207985203,0.07826198177519109,0.11038156309751049,0.37421702738985785,False
IL-10,TimePoint:Group,30,2.0,27.0,0.304794673668398,0.7397781998084776,0.022078899460183266,0.9387986007508663,False
IL-10,Group,30,2.0,27.0,0.08888410525430844,0.9152181960791115,0.006540942182290032,0.9916550460599678,False
IL-10,TimePoint,30,1.0,27.0,0.22636541604171695,0.6380590983437965,0.008314198850366671,0.8791266035576746,False
IL-11,TimePoint:Group,30,2.0,27.0,0.47485073639385705,0.6270742573787642,0.033978948709429295,0.9097607408598654,False
IL-11,Group,30,2.0,27.0,6.266361303275827,0.005814267748640221,0.3170214895463496,0.21900408519878165,False
IL-11,TimePoint,30,1.0,27.0,0.13174493065106485,0.7194558351590257,0.00485574853323315,0.8791266035576746,False
IL-12(p40),TimePoint:Group,30,2.0,27.0,0.3846892074507506,0.6843333006468013,0.027706000595556727,0.9097607408598654,False
IL-12(p40),Group,30,2.0,27.0,0.5638985816362342,0.5755440580457125,0.040095467011724464,0.9916550460599678,False
IL-12(p40),TimePoint,30,1.0,27.0,0.10428006077167548,0.7492402209349631,0.0038473650854353872,0.8791266035576746,False
IL-12(p70),TimePoint:Group,30,2.0,27.0,1.7398257885169646,0.19465960660633214,0.11416310216799876,0.7663524485767527,False
IL-12(p70),Group,30,2.0,27.0,0.5582098136666362,0.578696152603725,0.03970703390156936,0.9916550460599678,False
IL-12(p70),TimePoint,30,1.0,27.0,1.6896455528421985,0.20463610871929672,0.05889391521864969,0.6000948049262188,False
IL-19,TimePoint:Group,30,2.0,27.0,0.6963951843129736,0.5071095518589315,0.049054367342668145,0.8953653025009259,False
IL-19,Group,30,2.0,27.0,0.8959081265982617,0.42002822864391376,0.06223352627146585,0.9916550460599678,False
IL-19,TimePoint,30,1.0,27.0,0.9867374728100726,0.32936055645937967,0.035257324072472424,0.7511350268482675,False
IL-20,TimePoint:Group,30,2.0,27.0,0.3927489412354706,0.6789930713726882,0.028270066845427624,0.9097607408598654,False
IL-20,Group,30,2.0,27.0,0.17657387986403428,0.8390968886612753,0.012910680804642404,0.9916550460599678,False
IL-20,TimePoint,30,1.0,27.0,0.21145576019313927,0.6493103257810743,0.007770836005858674,0.8791266035576746,False
IL-26,TimePoint:Group,30,2.0,27.0,0.1499936207932422,0.8614256933181533,0.010988548783257645,0.9454739748064932,False
IL-26,Group,30,2.0,27.0,6.527108296082721,0.004871464590788125,0.3259136665955622,0.21900408519878165,False
IL-26,TimePoint,30,1.0,27.0,1.9775013810225763,0.17105915273990335,0.06824264642491384,0.56852012528262,False
IL-28A/IFN-lambda2,TimePoint:Group,30,2.0,27.0,0.4462718479004206,0.6446458151620792,0.03199936533343897,0.9097607408598654,False
IL-28A/IFN-lambda2,Group,30,2.0,27.0,0.022385777807617833,0.9778810538375013,0.0016554606691044453,0.9916550460599678,False
IL-28A/IFN-lambda2,TimePoint,30,1.0,27.0,2.0670190030926237,0.16200531798982526,0.07111217709916179,0.554745482813644,False
IL-29/IFN-lambda1,TimePoint:Group,30,2.0,27.0,3.2657341494295493,0.053678590958715106,0.19478623007634088,0.7663524485767527,False
IL-29/IFN-lambda1,Group,30,2.0,27.0,0.37135223866387124,0.6932694686483052,0.0267711634939811,0.9916550460599678,False
IL-29/IFN-lambda1,TimePoint,30,1.0,27.0,6.730774307459504,0.015129592549622251,0.19954402013152142,0.15542217800975586,False
IL-35,TimePoint:Group,30,2.0,27.0,0.056822731686009396,0.9448742017745182,0.00419144904456109,0.9706434981865506,False
IL-35,Group,30,2.0,27.0,2.5258148268896825,0.09872661586893947,0.157609135895644,0.9772975969663831,False
IL-35,TimePoint,30,1.0,27.0,0.0003288715879209716,0.9856646524605466,1.2180280821210246e-05,0.9856646524605466,False
MMP-1,TimePoint:Group,30,2.0,27.0,5.596085139208277,0.009263119223154467,0.2930488159438679,0.3353405618586275,False
MMP-1,Group,30,2.0,27.0,0.5915381956523046,0.5604894542132974,0.04197825584681829,0.9916550460599678,False
MMP-1,TimePoint,30,1.0,27.0,0.6862452327628544,0.41470755303407647,0.024786504164558142,0.7865515988012286,False
MMP-2,TimePoint:Group,30,2.0,27.0,1.4530579618439075,0.25156524939721725,0.09717463582042628,0.7663524485767527,False
MMP-2,Group,30,2.0,27.0,2.1125117420200157,0.14048287014424837,0.13530889692363424,0.9916550460599678,False
MMP-2,TimePoint,30,1.0,27.0,0.10353118175742686,0.7501104409431201,0.003819841077649343,0.8791266035576746,False
MMP-3,TimePoint:Group,30,2.0,27.0,0.8374841074336454,0.44373231371142563,0.05841220824784941,0.869659363243263,False
MMP-3,Group,30,2.0,27.0,1.7772504414711987,0.18831967677673833,0.1163331352248258,0.9916550460599678,False
MMP-3,TimePoint,30,1.0,27.0,2.9346470165597878,0.09815972155312881,0.09803513015992293,0.3995769286618528,False
Osteocalcin,TimePoint:Group,30,2.0,27.0,0.6274184373484931,0.5415741890168363,0.04441140043603396,0.9097607408598654,False
Osteocalcin,Group,30,2.0,27.0,0.6444747850784855,0.5328239360211695,0.045563712677289724,0.9916550460599678,False
Osteocalcin,TimePoint,30,1.0,27.0,4.362791030629018,0.04629162546046428,0.13910723144404782,0.29060853761291466,False
Osteopontin,TimePoint:Group,30,2.0,27.0,2.0129247847663425,0.1531584995088835,0.12975791558939487,0.7663524485767527,False
Osteopontin,Group,30,2.0,27.0,0.33549502681903287,0.7179222111294361,0.024248863244047413,0.9916550460599678,False
Osteopontin,TimePoint,30,1.0,27.0,0.478410775410938,0.49504826351431286,0.017410423743975906,0.8505694293555153,False
Pentraxin-3,TimePoint:Group,30,2.0,27.0,1.4001391639182548,0.2638982388963874,0.09396819375410877,0.7663524485767527,False
Pentraxin-3,Group,30,2.0,27.0,0.8871873051877432,0.4234783927380056,0.06166509730973201,0.9916550460599678,False
Pentraxin-3,TimePoint,30,1.0,27.0,0.09604219408808932,0.7590112413794731,0.003544510057968693,0.8791266035576746,False
sTNF-R1,TimePoint:Group,30,2.0,27.0,0.4121660522534709,0.6663105869317445,0.029626303388372004,0.9097607408598654,False
sTNF-R1,Group,30,2.0,27.0,0.3862228125838695,0.6833136976200866,0.027813381493048604,0.9916550460599678,False
sTNF-R1,TimePoint,30,1.0,27.0,18.300538034345323,0.0002114130455127588,0.4039805889384907,0.012894939021102936,True
sTNF-R2,TimePoint:Group,30,2.0,27.0,1.3910396508729204,0.2660835977918214,0.09341454213315299,0.7663524485767527,False
sTNF-R2,Group,30,2.0,27.0,0.31342457285971825,0.7335631497088548,0.022689852990946738,0.9916550460599678,False
sTNF-R2,TimePoint,30,1.0,27.0,10.398955522475799,0.0032889657127645293,0.2780547043947871,0.04645664069279898,True
TSLP,TimePoint:Group,30,2.0,27.0,1.3254251535914063,0.28242898178208475,0.08940216822519433,0.7784018278384287,False
TSLP,Group,30,2.0,27.0,0.650750067437647,0.5296429044096433,0.04598696636831222,0.9916550460599678,False
TSLP,TimePoint,30,1.0,27.0,16.784502554884426,0.00034234351383459125,0.38334345659962316,0.012894939021102936,True
TWEAK/TNFSF12,TimePoint:Group,30,2.0,27.0,0.8361498872876,0.4442901444187791,0.058324577648915715,0.869659363243263,False
TWEAK/TNFSF12,Group,30,2.0,27.0,3.288345289380692,0.05271076522797725,0.1958707205921422,0.9752450683697186,False
TWEAK/TNFSF12,TimePoint,30,1.0,27.0,0.06985996828351772,0.793547907636131,0.0025807288388402954,0.8791266035576746,False
1H-Indole-3-Acetic Acid,TimePoint:Group,30,2.0,27.0,2.0114284374151996,0.15335807966607085,0.12967396558807068,0.7663524485767527,False
1H-Indole-3-Acetic Acid,Group,30,2.0,27.0,0.056025753689408465,0.9456244090862973,0.004132904046317594,0.9916550460599678,False
1H-Indole-3-Acetic Acid,TimePoint,30,1.0,27.0,0.002285468390598832,0.9622222732946951,8.463981292525204e-05,0.9856646524605466,False
2-OH-Butanoic Acid,TimePoint:Group,30,2.0,27.0,1.392343600056732,0.2657692489654873,0.09349392126914315,0.7663524485767527,False
2-OH-Butanoic Acid,Group,30,2.0,27.0,0.02264456726210215,0.977628442523764,0.0016745664762145664,0.9916550460599678,False
2-OH-Butanoic Acid,TimePoint,30,1.0,27.0,1.0173540662569538,0.32210176120931605,0.036311568317659824,0.7511350268482675,False
3-OH-Butanoic Acid,TimePoint:Group,30,2.0,27.0,1.6014128617961272,0.22017526656891853,0.1060439096958547,0.7663524485767527,False
3-OH-Butanoic Acid,Group,30,2.0,27.0,0.17913016364241677,0.8369824782589149,0.013095142856270534,0.9916550460599678,False
3-OH-Butanoic Acid,TimePoint,30,1.0,27.0,0.20602212002071935,0.6535308310603727,0.007572666048415402,0.8791266035576746,False
Alanine,TimePoint:Group,30,2.0,27.0,0.725973823134818,0.49305890184952883,0.05103157310427577,0.8843754906189962,False
Alanine,Group,30,2.0,27.0,0.7335511682539226,0.4895271358756107,0.05153676405716746,0.9916550460599678,False
Alanine,TimePoint,30,1.0,27.0,0.042039456611821305,0.8390824978256827,0.0015545963786966737,0.8944936061726617,False
Arachidonic acid,TimePoint:Group,30,2.0,27.0,1.1340482558427312,0.336577714486475,0.07749381688624374,0.7904021051616524,False
Arachidonic acid,Group,30,2.0,27.0,3.1220741279164272,0.06029141483518057,0.1878269886110644,0.9752450683697186,False
Arachidonic acid,TimePoint,30,1.0,27.0,0.11147454910500496,0.7410509490674365,0.004111711035971111,0.8791266035576746,False
Arginine [-NH3],TimePoint:Group,30,2.0,27.0,1.4292657226588437,0.25703178155821116,0.09573583518508753,0.7663524485767527,False
Arginine [-NH3],Group,30,2.0,27.0,0.7959073362251216,0.4614743791611291,0.055673789533339506,0.9916550460599678,False
Arginine [-NH3],TimePoint,30,1.0,27.0,4.129715435573105,0.05208139243074892,0.13266152220761782,0.29954263428625416,False
Ascorbic Acid,TimePoint:Group,30,2.0,27.0,0.13978457260159105,0.8701707378750025,0.010248297680769689,0.9454739748064932,False
Ascorbic Acid,Group,30,2.0,27.0,0.24244751410543994,0.7863949224790873,0.017642236861853643,0.9916550460599678,False
Ascorbic Acid,TimePoint,30,1.0,27.0,0.43173543729833447,0.516700908867178,0.015738538973779734,0.8586353338528104,False
Asparagine,TimePoint:Group,30,2.0,27.0,2.0946924692917577,0.14266547113293404,0.13432085778007583,0.7663524485767527,False
Asparagine,Group,30,2.0,27.0,0.21302216426246676,0.8094834468256517,0.015534297378853819,0.9916550460599678,False
Asparagine,TimePoint,30,1.0,27.0,10.449498866794842,0.003224919476553638,0.2790290706949899,0.04645664069279898,True
Cholesterol,TimePoint:Group,30,2.0,27.0,0.9849028762997892,0.38649639104375366,0.06799513153183015,0.8240394752442295,False
Cholesterol,Group,30,2.0,27.0,1.0441781023193242,0.36576478408650925,0.07179354481040161,0.9916550460599678,False
Cholesterol,TimePoint,30,1.0,27.0,1.3095940963717996,0.26251222959982257,0.0462597270703941,0.6886166748771998,False
Citric acid,TimePoint:Group,30,2.0,27.0,0.04236484905899501,0.9585835868046375,0.003128319871099823,0.9758553631434599,False
Citric acid,Group,30,2.0,27.0,0.7124212323524513,0.49944413701549295,0.050126661791499036,0.9916550460599678,False
Citric acid,TimePoint,30,1.0,27.0,0.7657131457291522,0.3892645002383769,0.02757765095786607,0.7826702478761891,False
Cysteine,TimePoint:Group,30,2.0,27.0,1.1017648541006813,0.346763713757234,0.07545422523300446,0.7904021051616524,False
Cysteine,Group,30,2.0,27.0,0.7942698942136072,0.4621885403962977,0.05556561475973891,0.9916550460599678,False
Cysteine,TimePoint,30,1.0,27.0,0.09713431136654244,0.7576899857580408,0.0035846709932642992,0.8791266035576746,False
Decanoic acid,TimePoint:Group,30,2.0,27.0,0.5764859849671365,0.5686348451571679,0.04095382793566447,0.9097607408598654,False
Decanoic acid,Group,30,2.0,27.0,0.9580031642232684,0.3963178342665941,0.06626109797747685,0.9916550460599678,False
Decanoic acid,TimePoint,30,1.0,27.0,0.9814345684689322,0.33064059989848915,0.03507449076877811,0.7511350268482675,False
Glutamic Acid,TimePoint:Group,30,2.0,27.0,1.7205953113962091,0.1980061813650194,0.11304389060971468,0.7663524485767527,False
Glutamic Acid,Group,30,2.0,27.0,1.2651294848264774,0.29840278061994857,0.08568360244497683,0.9916550460599678,False
Glutamic Acid,TimePoint,30,1.0,27.0,0.09179806364235801,0.7642257762918399,0.0033884079390637616,0.8791266035576746,False
Glutamine [-H2O],TimePoint:Group,30,2.0,27.0,2.4100090461973465,0.108881755868939,0.1514775409114782,0.7663524485767527,False
Glutamine [-H2O],Group,30,2.0,27.0,1.6064854686671177,0.21917926772084267,0.10634409121825089,0.9916550460599678,False
Glutamine [-H2O],TimePoint,30,1.0,27.0,3.0117414940230316,0.09406539168877771,0.10035210701194507,0.3995769286618528,False
Glyceraldehyde-3-P(MOX),TimePoint:Group,30,2.0,27.0,2.00257735296906,0.15454434917258505,0.12917705923173642,0.7663524485767527,False
Glyceraldehyde-3-P(MOX),Group,30,2.0,27.0,0.10160836684814413,0.9037270547726395,0.007470319987730209,0.9916550460599678,False
Glyceraldehyde-3-P(MOX),TimePoint,30,1.0,27.0,0.6775645102009136,0.4176380170625993,0.024480640626858213,0.7865515988012286,False
Glycerol-3-P,TimePoint:Group,30,2.0,27.0,0.4246805410942843,0.6582716159623385,0.030498404601884705,0.9097607408598654,False
Glycerol-3-P,Group,30,2.0,27.0,0.2477646731388275,0.7822988040507741,0.018022178807215426,0.9916550460599678,False
Glycerol-3-P,TimePoint,30,1.0,27.0,0.9952716158284012,0.32731482902815645,0.03555141844973846,0.7511350268482675,False
Glycine,TimePoint:Group,30,2.0,27.0,2.30521530266018,0.11904201098353988,0.1458515596603223,0.7663524485767527,False
Glycine,Group,30,2.0,27.0,0.14337903717225167,0.867080901204762,0.0105090562082609,0.9916550460599678,False
Glycine,TimePoint,30,1.0,27.0,0.007435650669121815,0.9319197076450446,0.0002753186479938014,0.9661185959989913,False
Indole-3-Latic Acid,TimePoint:Group,30,2.0,27.0,2.0039950658209182,0.15435367873412253,0.12925668882846805,0.7663524485767527,False
Indole-3-Latic Acid,Group,30,2.0,27.0,3.1195854325437913,0.06041341131493832,0.1877053699808388,0.9752450683697186,False
Indole-3-Latic Acid,TimePoint,30,1.0,27.0,6.059000338872098,0.020512187017128414,0.1832783894480827,0.1782982409950393,False
Indole-3-Propionic Acid,TimePoint:Group,30,2.0,27.0,0.6371935785786268,0.5365406243099968,0.04507214073549463,0.9097607408598654,False
Indole-3-Propionic Acid,Group,30,2.0,27.0,1.2721350257304596,0.29649798571000474,0.08611720807551677,0.9916550460599678,False
Indole-3-Propionic Acid,TimePoint,30,1.0,27.0,1.617819038219372,0.21424282374675063,0.0565318774312871,0.6000948049262188,False
Lactic Acid,TimePoint:Group,30,2.0,27.0,0.5303359021078042,0.5944111506908765,0.037799230596334533,0.9097607408598654,False
Lactic Acid,Group,30,2.0,27.0,0.06757305155652281,0.9348169929471194,0.004980481866561284,0.9916550460599678,False
Lactic Acid,TimePoint,30,1.0,27.0,2.443854880374913,0.12963228712545077,0.0830005069072598,0.4842955797322272,False
Leucine,TimePoint:Group,30,2.0,27.0,1.1091442792697763,0.34440652380020276,0.07592123522550465,0.7904021051616524,False
Leucine,Group,30,2.0,27.0,0.3162581741224833,0.7315347059801454,0.022890291288478325,0.9916550460599678,False
Leucine,TimePoint,30,1.0,27.0,10.575159990724714,0.003071474685539616,0.2814401853068664,0.04645664069279898,True
Linoleic Acid,TimePoint:Group,30,2.0,27.0,1.1612559745780557,0.328242638556661,0.07920576358475838,0.7904021051616524,False
Linoleic Acid,Group,30,2.0,27.0,1.2331495433922406,0.3072665717562654,0.08369897690648931,0.9916550460599678,False
Linoleic Acid,TimePoint,30,1.0,27.0,2.80838283743541,0.10531698182175188,0.09421453195738115,0.4103730670985504,False
Lysine,TimePoint:Group,30,2.0,27.0,1.0175603266709727,0.3749227060506765,0.07009168922147059,0.8147358804562779,False
Lysine,Group,30,2.0,27.0,1.0318568854297656,0.36997370682587827,0.07100654056566905,0.9916550460599678,False
Lysine,TimePoint,30,1.0,27.0,4.619395968318325,0.04073440541529881,0.14609374489464694,0.28768673824554786,False
Methionine,TimePoint:Group,30,2.0,27.0,1.9062274131590982,0.16811472997437793,0.12373096683818326,0.7663524485767527,False
Methionine,Group,30,2.0,27.0,0.37778861842189804,0.6889413539152105,0.0272225373083149,0.9916550460599678,False
Methionine,TimePoint,30,1.0,27.0,0.6294883463358532,0.43446052527986967,0.02278320678418694,0.7934369834501748,False
Oleic Acid,TimePoint:Group,30,2.0,27.0,0.517015598063268,0.6020823003741289,0.03688485572739921,0.9097607408598654,False
Oleic Acid,Group,30,2.0,27.0,1.6069949231137424,0.21907950484032496,0.10637422805081082,0.9916550460599678,False
Oleic Acid,TimePoint,30,1.0,27.0,0.09996720384989227,0.7543003764005394,0.003688831174514878,0.8791266035576746,False
Ornithine,TimePoint:Group,30,2.0,27.0,0.7366570235982086,0.4880873706660176,0.05174367988054713,0.8843754906189962,False
Ornithine,Group,30,2.0,27.0,0.19149988471351231,0.8268314908805547,0.013986771816528366,0.9916550460599678,False
Ornithine,TimePoint,30,1.0,27.0,6.15646161619812,0.01961494206143687,0.18567908986978476,0.1782982409950393,False
Palmitic Acid,TimePoint:Group,30,2.0,27.0,1.2294737235257656,0.308303368374843,0.08347030902822161,0.7904021051616524,False
Palmitic Acid,Group,30,2.0,27.0,1.5814845041457883,0.22413549046639067,0.1048626548474754,0.9916550460599678,False
Palmitic Acid,TimePoint,30,1.0,27.0,0.07174852386782124,0.7908434730258256,0.0026503099275085283,0.8791266035576746,False
Phenylalanine,TimePoint:Group,30,2.0,27.0,1.3697405495689234,0.27127520303601865,0.09211596833198496,0.7663524485767527,False
Phenylalanine,Group,30,2.0,27.0,0.9070570588455726,0.4156613522265859,0.06295921888423855,0.9916550460599678,False
Phenylalanine,TimePoint,30,1.0,27.0,5.5047550287564,0.026557207437054007,0.1693523001138276,0.20935296412408796,False
Proline,TimePoint:Group,30,2.0,27.0,1.1433043506650358,0.33371687919764725,0.07807693695945833,0.7904021051616524,False
Proline,Group,30,2.0,27.0,0.38430313627316953,0.684590233839103,0.027678964691369042,0.9916550460599678,False
Proline,TimePoint,30,1.0,27.0,3.9501028648137986,0.057098650407349,0.12762810133676636,0.30724511885859224,False
Serine,TimePoint:Group,30,2.0,27.0,1.9671481865438678,0.15939237734238823,0.12718234562821673,0.7663524485767527,False
Serine,Group,30,2.0,27.0,0.3456707290408957,0.7108318604167665,0.024965979316253804,0.9916550460599678,False
Serine,TimePoint,30,1.0,27.0,0.24557447375988262,0.6242181216254417,0.009013371107164377,0.8791266035576746,False
Stearic Acid,TimePoint:Group,30,2.0,27.0,1.1539619290585437,0.3304551917446342,0.0787474359934195,0.7904021051616524,False
Stearic Acid,Group,30,2.0,27.0,0.9102791105022215,0.41440842251890087,0.06316873556174284,0.9916550460599678,False
Stearic Acid,TimePoint,30,1.0,27.0,0.025823795285392876,0.8735277158126307,0.0009555229650353078,0.9225105783815633,False
Threonine,TimePoint:Group,30,2.0,27.0,1.743583667040032,0.19401276754183805,0.11438148043954008,0.7663524485767527,False
Threonine,Group,30,2.0,27.0,0.24510115403968163,0.7843477965359833,0.01783189161671949,0.9916550460599678,False
Threonine,TimePoint,30,1.0,27.0,0.1445534598378962,0.7067701755044422,0.005325320972834285,0.8791266035576746,False
Tryptophan,TimePoint:Group,30,2.0,27.0,1.3870763435325195,0.26704150395924087,0.09317318669727352,0.7663524485767527,False
Tryptophan,Group,30,2.0,27.0,0.7643342909620019,0.4754561993218418,0.0535835935537693,0.9916550460599678,False
Tryptophan,TimePoint,30,1.0,27.0,0.7258533118816268,0.40172455200724755,0.02617965635598923,0.7826702478761891,False
Tyrosine,TimePoint:Group,30,2.0,27.0,2.05849911791848,0.14721156522947704,0.13230704981997518,0.7663524485767527,False
Tyrosine,Group,30,2.0,27.0,2.439009798215911,0.10623749383042617,0.153021412816304,0.9772975969663831,False
Tyrosine,TimePoint,30,1.0,27.0,2.9190964768969754,0.09901021241178654,0.09756633122765096,0.3995769286618528,False
Valine,TimePoint:Group,30,2.0,27.0,2.9930926677950835,0.06697728466927912,0.1814755260327548,0.7663524485767527,False
Valine,Group,30,2.0,27.0,1.0465081589221854,0.36497463573040556,0.07194222472424103,0.9916550460599678,False
Valine,TimePoint,30,1.0,27.0,2.4015318270333372,0.13285984930707118,0.0816805002256801,0.4842955797322272,False
"(R*,R*)-2,3-Dihydroxybutanoic acid, tris(trimethylsilyl)-",TimePoint:Group,30,2.0,27.0,0.3364421880636,0.7172590411683495,0.024315657413279363,0.9387986007508663,False
"(R*,R*)-2,3-Dihydroxybutanoic acid, tris(trimethylsilyl)-",Group,30,2.0,27.0,0.5599631686330081,0.5777226624460773,0.03982678773172426,0.9916550460599678,False
"(R*,R*)-2,3-Dihydroxybutanoic acid, tris(trimethylsilyl)-",TimePoint,30,1.0,27.0,1.7481134098398814,0.19720624200075001,0.06080793493883806,0.6000948049262188,False
1-Ethyl-1-tetradecyloxy-1-silacyclohexane,TimePoint:Group,30,2.0,27.0,2.8110147537863597,0.07780591908724968,0.17233843486861078,0.7663524485767527,False
1-Ethyl-1-tetradecyloxy-1-silacyclohexane,Group,30,2.0,27.0,0.3282852766355574,0.7229918702843003,0.02374012902309965,0.9916550460599678,False
1-Ethyl-1-tetradecyloxy-1-silacyclohexane,TimePoint,30,1.0,27.0,0.9718096314845843,0.33298151580511826,0.03474246551394845,0.7511350268482675,False
1-Heptadecanol,TimePoint:Group,30,2.0,27.0,0.39249635550860773,0.6791597488722338,0.028252399386304416,0.9097607408598654,False
1-Heptadecanol,Group,30,2.0,27.0,0.4228273766896551,0.6594554388402127,0.030369361427088827,0.9916550460599678,False
1-Heptadecanol,TimePoint,30,1.0,27.0,0.5458414747306903,0.4663963373386929,0.01981574878485454,0.8234810331136296,False
1-Monooleoylglycerol,TimePoint:Group,30,2.0,27.0,1.0876813001043895,0.3513106172624271,0.07456163030492077,0.7904021051616524,False
1-Monooleoylglycerol,Group,30,2.0,27.0,2.2853433753679164,0.12108111820822445,0.14477628525547678,0.9772975969663831,False
1-Monooleoylglycerol,TimePoint,30,1.0,27.0,3.5744935476573865,0.06945072940548748,0.11691096508551206,0.3567242010372766,False
1-Monopalmitin,TimePoint:Group,30,2.0,27.0,0.471299358427183,0.6292295335317412,0.03373339489307453,0.9097607408598654,False
1-Monopalmitin,Group,30,2.0,27.0,0.07954625169904248,0.9237509184434194,0.005857798944430107,0.9916550460599678,False
1-Monopalmitin,TimePoint,30,1.0,27.0,0.3107543635590995,0.5818102626123103,0.011378461371749617,0.8791266035576746,False
"1,3-Dioxolane-2-methanol",TimePoint:Group,30,2.0,27.0,1.6351398211610364,0.21364314856311395,0.10803599044885485,0.7663524485767527,False
"1,3-Dioxolane-2-methanol",Group,30,2.0,27.0,0.1824910725250543,0.8342112322738495,0.013337561965708357,0.9916550460599678,False
"1,3-Dioxolane-2-methanol",TimePoint,30,1.0,27.0,0.6270626463013732,0.4353371059638127,0.02269740559571657,0.7934369834501748,False
"1,5-Anhydrohexitol",TimePoint:Group,30,2.0,27.0,0.20958322869072857,0.8122289535931047,0.015287352299092746,0.9454739748064932,False
"1,5-Anhydrohexitol",Group,30,2.0,27.0,0.25422267417322636,0.7773546219552155,0.018483245487263263,0.9916550460599678,False
"1,5-Anhydrohexitol",TimePoint,30,1.0,27.0,5.408884175168306,0.02779021647664885,0.1668951064755446,0.20935296412408796,False
"11-Eicosenoic acid, (E)-",TimePoint:Group,30,2.0,27.0,0.22909855957373515,0.7967802619961101,0.016687079532543485,0.9454739748064932,False
"11-Eicosenoic acid, (E)-",Group,30,2.0,27.0,0.1846469761595315,0.8324387660271213,0.013493002521819598,0.9916550460599678,False
"11-Eicosenoic acid, (E)-",TimePoint,30,1.0,27.0,2.1265276182111226,0.15630366941111665,0.07300999439705022,0.5519473326080057,False
2-Aminoadipic acid,TimePoint:Group,30,2.0,27.0,6.175162591461616,0.006188828102709215,0.3138557337331198,0.3353405618586275,False
2-Aminoadipic acid,Group,30,2.0,27.0,1.1555208773169248,0.3299809627751334,0.07884543217466816,0.9916550460599678,False
2-Aminoadipic acid,TimePoint,30,1.0,27.0,0.9523332840257476,0.33778909543382263,0.03406990301485811,0.7511350268482675,False
2-Aminoheptanedioic acid,TimePoint:Group,30,2.0,27.0,0.745665901483638,0.4839368410197359,0.05234335177030786,0.8843754906189962,False
2-Aminoheptanedioic acid,Group,30,2.0,27.0,2.301167231786179,0.11945438231907528,0.1456327370016736,0.9772975969663831,False
2-Aminoheptanedioic acid,TimePoint,30,1.0,27.0,4.094809034666088,0.05301639544889454,0.1316878656531058,0.29954263428625416,False
"2-Ethyl-3-hydroxypropionic acid, di-",TimePoint:Group,30,2.0,27.0,0.23748597183701328,0.7902378702921863,0.01728744053488966,0.9454739748064932,False
"2-Ethyl-3-hydroxypropionic acid, di-",Group,30,2.0,27.0,0.08142090538793055,0.9220310712266795,0.005995021136236916,0.9916550460599678,False
"2-Ethyl-3-hydroxypropionic acid, di-",TimePoint,30,1.0,27.0,0.1450459283371228,0.7062955355795506,0.005343366473574729,0.8791266035576746,False
2-Keto-3-methylvaleric acid mo-tms pk2,TimePoint:Group,30,2.0,27.0,2.4287044311490473,0.10716914105343632,0.1524734445068643,0.7663524485767527,False
2-Keto-3-methylvaleric acid mo-tms pk2,Group,30,2.0,27.0,0.023399249166207257,0.9768921774592578,0.0017302786625670282,0.9916550460599678,False
2-Keto-3-methylvaleric acid mo-tms pk2,TimePoint,30,1.0,27.0,0.24421250647192683,0.625176792185393,0.008963830626923555,0.8791266035576746,False
"2,3-Butanediol",TimePoint:Group,30,2.0,27.0,0.8145462361706844,0.45342813902560786,0.05690339202736653,0.869659363243263,False
"2,3-Butanediol",Group,30,2.0,27.0,0.5659562442701713,0.5744084715448657,0.04023588829950442,0.9916550460599678,False
"2,3-Butanediol",TimePoint,30,1.0,27.0,0.895808728249548,0.3523022692297184,0.03211266384051378,0.7511350268482675,False
"2,3,4-Trihydroxybutyric acid tetrakis(trimethylsilyl) deriv., (, (R*,R*)-)",TimePoint:Group,30,2.0,27.0,0.3124708323358435,0.7342472465253145,0.022622370474392608,0.9387986007508663,False
"2,3,4-Trihydroxybutyric acid tetrakis(trimethylsilyl) deriv., (, (R*,R*)-)",Group,30,2.0,27.0,0.12257135887180083,0.8851321975131707,0.008997666860594224,0.9916550460599678,False
"2,3,4-Trihydroxybutyric acid tetrakis(trimethylsilyl) deriv., (, (R*,R*)-)",TimePoint,30,1.0,27.0,3.3151047958007522,0.07974708212245712,0.10935488490410762,0.37421702738985785,False
4-Aminobutanoic acid,TimePoint:Group,30,2.0,27.0,0.39196390876980824,0.6795112463959434,0.028215154555819626,0.9097607408598654,False
4-Aminobutanoic acid,Group,30,2.0,27.0,0.020156875688744937,0.9800596493205465,0.0014908758732666777,0.9916550460599678,False
4-Aminobutanoic acid,TimePoint,30,1.0,27.0,0.14138847093431195,0.7098429784509456,0.005209330800659838,0.8791266035576746,False
"9-Hexadecenoic acid, (Z)-",TimePoint:Group,30,2.0,27.0,0.19214372068197105,0.8263067717076764,0.014033136417618676,0.9454739748064932,False
"9-Hexadecenoic acid, (Z)-",Group,30,2.0,27.0,0.38044138783317605,0.6871659647525212,0.02740845029370967,0.9916550460599678,False
"9-Hexadecenoic acid, (Z)-",TimePoint,30,1.0,27.0,0.3722441161318756,0.5468848832652948,0.013599327645645719,0.8791266035576746,False
"alpha-D-Glucopyranoside, methyl 2-(acetylamino)-2-deoxy-3-O-(trimethylsilyl)-, cyclic methylboronate",TimePoint:Group,30,2.0,27.0,0.19507566849626248,0.8239217855577556,0.014244219836259,0.9454739748064932,False
"alpha-D-Glucopyranoside, methyl 2-(acetylamino)-2-deoxy-3-O-(trimethylsilyl)-, cyclic methylboronate",Group,30,2.0,27.0,0.21109600169292217,0.8110199867962157,0.01539599764065965,0.9916550460599678,False
"alpha-D-Glucopyranoside, methyl 2-(acetylamino)-2-deoxy-3-O-(trimethylsilyl)-, cyclic methylboronate",TimePoint,30,1.0,27.0,0.1254845484404451,0.7259121763361664,0.004626075829773876,0.8791266035576746,False
"Aminomalonic acid, tris(trimethylsilyl)-",TimePoint:Group,30,2.0,27.0,0.311187375519741,0.7351689231971936,0.02253154396205782,0.9387986007508663,False
"Aminomalonic acid, tris(trimethylsilyl)-",Group,30,2.0,27.0,6.766934851971173,0.004148268990013403,0.3338903934609045,0.21900408519878165,False
"Aminomalonic acid, tris(trimethylsilyl)-",TimePoint,30,1.0,27.0,0.16588280976663133,0.6870082556017785,0.006106291885607098,0.8791266035576746,False
Arachidonic acid.1,TimePoint:Group,30,2.0,27.0,1.9121931295927133,0.16723836032775002,0.12407015104950514,0.7663524485767527,False
Arachidonic acid.1,Group,30,2.0,27.0,0.277048271567175,0.7601467511059181,0.020109407044681855,0.9916550460599678,False
Arachidonic acid.1,TimePoint,30,1.0,27.0,0.80073944382839,0.3787805958709184,0.02880281099883297,0.7782219515166142,False
beta-Alanine,TimePoint:Group,30,2.0,27.0,0.0634080170829068,0.9386997823732564,0.004674932509812089,0.9706434981865506,False
beta-Alanine,Group,30,2.0,27.0,0.2710358072831511,0.7646394009119883,0.019681584673522316,0.9916550460599678,False
beta-Alanine,TimePoint,30,1.0,27.0,1.7766616567609768,0.19369893740550542,0.06173967216741266,0.6000948049262188,False
beta-D-Xylopyranose,TimePoint:Group,30,2.0,27.0,2.277553568905077,0.12189065726787472,0.14435403809331726,0.7663524485767527,False
beta-D-Xylopyranose,Group,30,2.0,27.0,0.1622806346249844,0.8510256492150268,0.011878004775696721,0.9916550460599678,False
beta-D-Xylopyranose,TimePoint,30,1.0,27.0,0.24916948645387263,0.6217035365131598,0.00914411305554615,0.8791266035576746,False
"Butanoic acid, 2,4-bis[(trimethylsilyl)oxy]-, trimethylsilyl ester",TimePoint:Group,30,2.0,27.0,2.809353708393782,0.07791296439132767,0.17225414069889958,0.7663524485767527,False
"Butanoic acid, 2,4-bis[(trimethylsilyl)oxy]-, trimethylsilyl ester",Group,30,2.0,27.0,0.4487174075356577,0.6431216813941354,0.032169080097159505,0.9916550460599678,False
"Butanoic acid, 2,4-bis[(trimethylsilyl)oxy]-, trimethylsilyl ester",TimePoint,30,1.0,27.0,0.08555991188417383,0.7721356569821357,0.0031588755101434403,0.8791266035576746,False
Campesterol,TimePoint:Group,30,2.0,27.0,0.6098852700107295,0.5507301612861895,0.04322397087855737,0.9097607408598654,False
Campesterol,Group,30,2.0,27.0,0.18548365033484762,0.8317519880772264,0.013553313501661252,0.9916550460599678,False
Campesterol,TimePoint,30,1.0,27.0,0.9377939707972596,0.34144109430712555,0.03356721621533591,0.7511350268482675,False
"D-(-)-Ribofuranose, tetrakis(trimethylsilyl) ether (isomer 1)",TimePoint:Group,30,2.0,27.0,1.1032109472267106,0.3463004305629478,0.0755457790217172,0.7904021051616524,False
"D-(-)-Ribofuranose, tetrakis(trimethylsilyl) ether (isomer 1)",Group,30,2.0,27.0,0.16251196965810863,0.8508311394942063,0.011894735757159255,0.9916550460599678,False
"D-(-)-Ribofuranose, tetrakis(trimethylsilyl) ether (isomer 1)",TimePoint,30,1.0,27.0,0.0010010898008953508,0.9749918760324627,3.707602535053758e-05,0.9856646524605466,False
"D-Arabinose, tetrakis(trimethylsilyl) ether, ethyloxime (isomer 1)",TimePoint:Group,30,2.0,27.0,0.2249641093509643,0.8000266222803679,0.016390870501271027,0.9454739748064932,False
"D-Arabinose, tetrakis(trimethylsilyl) ether, ethyloxime (isomer 1)",Group,30,2.0,27.0,0.04557615299239984,0.9555201826668025,0.003364652228715384,0.9916550460599678,False
"D-Arabinose, tetrakis(trimethylsilyl) ether, ethyloxime (isomer 1)",TimePoint,30,1.0,27.0,0.08061239168386138,0.7786351965996186,0.002976756600549273,0.8791266035576746,False
Diethanolamine,TimePoint:Group,30,2.0,27.0,0.4548881272813279,0.6392931121751219,0.03259704579014411,0.9097607408598654,False
Diethanolamine,Group,30,2.0,27.0,1.5455604427658365,0.23146902561167426,0.10272534869307368,0.9916550460599678,False
Diethanolamine,TimePoint,30,1.0,27.0,0.2640627347427685,0.6115228355639444,0.009685377315621843,0.8791266035576746,False
DL-Ornithine,TimePoint:Group,30,2.0,27.0,0.38937206888612685,0.6812250559249349,0.028033813692583513,0.9097607408598654,False
DL-Ornithine,Group,30,2.0,27.0,2.1297448796728897,0.13840614436216778,0.1362622932152084,0.9916550460599678,False
DL-Ornithine,TimePoint,30,1.0,27.0,0.7327340770971599,0.39953161238117396,0.026421270800785636,0.7826702478761891,False
Doconexent,TimePoint:Group,30,2.0,27.0,0.15030779978768807,0.8611580700821846,0.011011312125139472,0.9454739748064932,False
Doconexent,Group,30,2.0,27.0,0.10373429662087576,0.9018223060640942,0.007625428015500349,0.9916550460599678,False
Doconexent,TimePoint,30,1.0,27.0,1.5662256446093188,0.22149077316037635,0.05482788185231879,0.6000948049262188,False
Dodecanoic acid,TimePoint:Group,30,2.0,27.0,6.475797513614007,0.0050431299467025665,0.3241821764162652,0.3353405618586275,False
Dodecanoic acid,Group,30,2.0,27.0,0.6895424739612621,0.5104257529425321,0.04859511680708646,0.9916550460599678,False
Dodecanoic acid,TimePoint,30,1.0,27.0,0.12961789373365817,0.7216295605313621,0.004777726477437673,0.8791266035576746,False
Erythritol,TimePoint:Group,30,2.0,27.0,0.4540214527854004,0.6398293519415723,0.03253696107044267,0.9097607408598654,False
Erythritol,Group,30,2.0,27.0,0.039039500406200495,0.9617669037305554,0.0028834763651460816,0.9916550460599678,False
Erythritol,TimePoint,30,1.0,27.0,1.2784368021777262,0.26813392650085655,0.045208892242561076,0.6886166748771998,False
"Ethanolamine, 2TMS",TimePoint:Group,30,2.0,27.0,0.8130465476307206,0.4540699330208188,0.05680457650473487,0.869659363243263,False
"Ethanolamine, 2TMS",Group,30,2.0,27.0,0.43566823656308634,0.6512992726245984,0.03126281633341567,0.9916550460599678,False
"Ethanolamine, 2TMS",TimePoint,30,1.0,27.0,0.27863532424022713,0.6019087089376827,0.010214415821330598,0.8791266035576746,False
"Ethanolamine, 3TMS",TimePoint:Group,30,2.0,27.0,0.20642756174131802,0.8147571112489048,0.015060639310385895,0.9454739748064932,False
"Ethanolamine, 3TMS",Group,30,2.0,27.0,0.30161660839741217,0.7420811963069741,0.02185371590556265,0.9916550460599678,False
"Ethanolamine, 3TMS",TimePoint,30,1.0,27.0,0.010371694453302542,0.9196350450235643,0.0003839893271602928,0.962210741552433,False
Ethyl alpha-D-glucopyranoside,TimePoint:Group,30,2.0,27.0,0.770452825979178,0.4727115267407971,0.05398937478540122,0.8843754906189962,False
Ethyl alpha-D-glucopyranoside,Group,30,2.0,27.0,0.017279965142583988,0.9828793376877557,0.0012783611190375843,0.9916550460599678,False
Ethyl alpha-D-glucopyranoside,TimePoint,30,1.0,27.0,0.2206667213407815,0.64230426524153,0.008106587674716306,0.8791266035576746,False
Glyceric acid,TimePoint:Group,30,2.0,27.0,0.46228292501909846,0.634737291597458,0.03310940821795917,0.9097607408598654,False
Glyceric acid,Group,30,2.0,27.0,0.3041144014649591,0.7402705150053643,0.02203070712255797,0.9916550460599678,False
Glyceric acid,TimePoint,30,1.0,27.0,1.6173085665077476,0.21431307695703836,0.05651504797346888,0.6000948049262188,False
Glycerol,TimePoint:Group,30,2.0,27.0,0.07769739959283198,0.9254504699911673,0.0057224282811872045,0.968295399157425,False
Glycerol,Group,30,2.0,27.0,0.018166382210898058,0.9820096239720768,0.0013438495796888501,0.9916550460599678,False
Glycerol,TimePoint,30,1.0,27.0,0.10715907954437003,0.7459265688510741,0.003953165259034264,0.8791266035576746,False
Glycolic acid,TimePoint:Group,30,2.0,27.0,0.18694872713890268,0.8305508557877328,0.013658904615330003,0.9454739748064932,False
Glycolic acid,Group,30,2.0,27.0,1.8064328077758287,0.18352998041028723,0.11801788375264956,0.9916550460599678,False
Glycolic acid,TimePoint,30,1.0,27.0,0.13337540492004815,0.7178030314784739,0.0049155478420817265,0.8791266035576746,False
"L-(+)-Erythrulose, tris(trimethylsilyl) ether, trimethylsilyloxime (isomer 2)",TimePoint:Group,30,2.0,27.0,1.6026139784459132,0.21993899062648867,0.1061150063646681,0.7663524485767527,False
"L-(+)-Erythrulose, tris(trimethylsilyl) ether, trimethylsilyloxime (isomer 2)",Group,30,2.0,27.0,0.9108274868350533,0.41419558468051226,0.06320438487429925,0.9916550460599678,False
"L-(+)-Erythrulose, tris(trimethylsilyl) ether, trimethylsilyloxime (isomer 2)",TimePoint,30,1.0,27.0,1.555442494802013,0.2230440867867362,0.0544709645135127,0.6000948049262188,False
L-5-Oxoproline,TimePoint:Group,30,2.0,27.0,0.12342473961984536,0.88438397903231,0.009059743932147965,0.9517656155300098,False
L-5-Oxoproline,Group,30,2.0,27.0,0.07556832612002727,0.9274117758177516,0.00556649447777669,0.9916550460599678,False
L-5-Oxoproline,TimePoint,30,1.0,27.0,0.04234751627792781,0.8385025238666303,0.0015659704192632332,0.8944936061726617,False
L-Alanine,TimePoint:Group,30,2.0,27.0,0.927658544781034,0.40771982220787467,0.06429723450286387,0.8531914798053674,False
L-Alanine,Group,30,2.0,27.0,0.09312195352786377,0.9113737076525421,0.006850667112840517,0.9916550460599678,False
L-Alanine,TimePoint,30,1.0,27.0,0.47451893694752484,0.49679276404835404,0.01727123732490163,0.8505694293555153,False
L-Aspartic acid,TimePoint:Group,30,2.0,27.0,2.6325566851105497,0.09026360566574096,0.1631828566602994,0.7663524485767527,False
L-Aspartic acid,Group,30,2.0,27.0,0.45575356520402177,0.6387581191665679,0.03265703733407527,0.9916550460599678,False
L-Aspartic acid,TimePoint,30,1.0,27.0,0.0008388977086563341,0.9771065485714184,3.10693201731419e-05,0.9856646524605466,False
L-Norvaline,TimePoint:Group,30,2.0,27.0,0.8688030284693224,0.4308517793839564,0.0604645374251382,0.869659363243263,False
L-Norvaline,Group,30,2.0,27.0,2.6529430637337095,0.08873775437230524,0.16423899058308752,0.9772975969663831,False
L-Norvaline,TimePoint,30,1.0,27.0,0.05246126166197836,0.8205606387490509,0.0019392417257177647,0.8944936061726617,False
L-Proline,TimePoint:Group,30,2.0,27.0,1.0711484157789095,0.356730153657029,0.0735115987576502,0.7904021051616524,False
L-Proline,Group,30,2.0,27.0,0.33124906394066317,0.7209031933630934,0.023949323912057945,0.9916550460599678,False
L-Proline,TimePoint,30,1.0,27.0,0.08772598080818125,0.7693545060758021,0.003238587870769796,0.8791266035576746,False
L-Rhamnose,TimePoint:Group,30,2.0,27.0,0.5173621106411528,0.6018814025460177,0.03690866416644841,0.9097607408598654,False
L-Rhamnose,Group,30,2.0,27.0,0.7125579104228409,0.49937930027457234,0.05013579644944021,0.9916550460599678,False
L-Rhamnose,TimePoint,30,1.0,27.0,0.08907438801557543,0.7676420742871798,0.0032882034557438653,0.8791266035576746,False
Lactic Acid.1,TimePoint:Group,30,2.0,27.0,0.024080923071819808,0.9762276506610421,0.0017805959021391406,0.9849439689705157,False
Lactic Acid.1,Group,30,2.0,27.0,0.08904948901609817,0.915067837170012,0.006553032946717579,0.9916550460599678,False
Lactic Acid.1,TimePoint,30,1.0,27.0,9.295424675225812,0.0050956183905198,0.25610458503797573,0.06380282861952803,False
Methyl galactoside,TimePoint:Group,30,2.0,27.0,0.08368664356522844,0.9199570237255604,0.006160819647946746,0.968295399157425,False
Methyl galactoside,Group,30,2.0,27.0,0.007829598705773716,0.9922032246544292,0.0005796341039513774,0.9922032246544292,False
Methyl galactoside,TimePoint,30,1.0,27.0,0.8682369591079653,0.35970159354042686,0.03115507308129896,0.7527088901864487,False
"N-Acetylglutamine,N,N',O,O'- tetrakis(trimethylsilyl)-",TimePoint:Group,30,2.0,27.0,1.5034096016911154,0.2404038036694446,0.10020452961049987,0.7663524485767527,False
"N-Acetylglutamine,N,N',O,O'- tetrakis(trimethylsilyl)-",Group,30,2.0,27.0,2.7749557212153517,0.08016565828230815,0.1705046556653936,0.9772975969663831,False
"N-Acetylglutamine,N,N',O,O'- tetrakis(trimethylsilyl)-",TimePoint,30,1.0,27.0,0.44962830958354144,0.5082071090555973,0.016380123785740365,0.8571254227355596,False
Nonanoic acid,TimePoint:Group,30,2.0,27.0,0.14082873309588256,0.8692719504611025,0.010324059912444958,0.9454739748064932,False
Nonanoic acid,Group,30,2.0,27.0,0.7687544754950925,0.4734716680229953,0.0538767750762926,0.9916550460599678,False
Nonanoic acid,TimePoint,30,1.0,27.0,0.575374155698562,0.45470217818123326,0.020865506754317552,0.8155769227695137,False
Oxalic acid,TimePoint:Group,30,2.0,27.0,0.21453578694121575,0.8082781924786144,0.015642949223661922,0.9454739748064932,False
Oxalic acid,Group,30,2.0,27.0,1.6948992906064446,0.20257470904749933,0.11154396341766075,0.9916550460599678,False
Oxalic acid,TimePoint,30,1.0,27.0,1.5675754727235278,0.2212972840645906,0.054872541571483975,0.6000948049262188,False
Palmitelaidic acid,TimePoint:Group,30,2.0,27.0,5.248468415965631,0.01187046236667708,0.27994118236859244,0.3353405618586275,False
Palmitelaidic acid,Group,30,2.0,27.0,4.58347923104533,0.01932853716120631,0.2534622443216851,0.5460311748040783,False
Palmitelaidic acid,TimePoint,30,1.0,27.0,16.88291887230632,0.00033161184547942957,0.3847264335682285,0.012894939021102936,True
